# --------------------------------------------------------------------,,,,,,,,,,,,,,,,,,,,,,,
# USE OF NOAA GML DATA,,,,,,,,,,,,,,,,,,,,,,,
#,,,,,,,,,,,,,,,,,,,,,,,
# These data are made freely available to the public and the,,,,,,,,,,,,,,,,,,,,,,,
# scientific community in the belief that their wide dissemination,,,,,,,,,,,,,,,,,,,,,,,
# will lead to greater understanding and new scientific insights.,,,,,,,,,,,,,,,,,,,,,,,
# The availability of these data does not constitute publication,,,,,,,,,,,,,,,,,,,,,,,
# of the data.  NOAA relies on the ethics and integrity of the user to,,,,,,,,,,,,,,,,,,,,,,,
# ensure that GML receives fair credit for their work.  If the data,,,,,,,,,,,,,,,,,,,,,,,
# are obtained for potential use in a publication or presentation,,,,,,,,,,,,,,,,,,,,,,,
# GML should be informed at the outset of the nature of this work.,,,,,,,,,,,,,,,,,,,,,,,
# If the GML data are essential to the work, or if an important,,,,,,,,,,,,,,,,,,,,,,
# result or conclusion depends on the GML data, co-authorship,,,,,,,,,,,,,,,,,,,,,,
# may be appropriate.  This should be discussed at an early stage in,,,,,,,,,,,,,,,,,,,,,,,
# the work.  Manuscripts using the GML data should be sent to GML,,,,,,,,,,,,,,,,,,,,,,,
# for review before they are submitted for publication so we can,,,,,,,,,,,,,,,,,,,,,,,
# ensure that the quality and limitations of the data are accurately,,,,,,,,,,,,,,,,,,,,,,,
# represented.,,,,,,,,,,,,,,,,,,,,,,,
#,,,,,,,,,,,,,,,,,,,,,,,
# Contact:   Pieter Tans (303 497 6678; pieter.tans@noaa.gov),,,,,,,,,,,,,,,,,,,,,,,
#,,,,,,,,,,,,,,,,,,,,,,,
# File Creation:  Tue Jul  6 13:52:25 2021,,,,,,,,,,,,,,,,,,,,,,,
#,,,,,,,,,,,,,,,,,,,,,,,
# RECIPROCITY,,,,,,,,,,,,,,,,,,,,,,,
#,,,,,,,,,,,,,,,,,,,,,,,
# Use of these data implies an agreement to reciprocate.,,,,,,,,,,,,,,,,,,,,,,,
# Laboratories making similar measurements agree to make their,,,,,,,,,,,,,,,,,,,,,,,
# own data available to the general public and to the scientific,,,,,,,,,,,,,,,,,,,,,,,
# community in an equally complete and easily accessible form.,,,,,,,,,,,,,,,,,,,,,,,
# Modelers are encouraged to make available to the community,,,,,,,,,,,,,,,,,,,,,,,
# upon request, their own tools used in the interpretation,,,,,,,,,,,,,,,,,,,,,,
# of the GML data, namely well documented model code, transport,,,,,,,,,,,,,,,,,,,,,
# fields, and additional information necessary for other,,,,,,,,,,,,,,,,,,,,,,
# scientists to repeat the work and to run modified versions.,,,,,,,,,,,,,,,,,,,,,,,
# Model availability includes collaborative support for new,,,,,,,,,,,,,,,,,,,,,,,
# users of the models.,,,,,,,,,,,,,,,,,,,,,,,
# --------------------------------------------------------------------,,,,,,,,,,,,,,,,,,,,,,,
#,,,,,,,,,,,,,,,,,,,,,,,
#,,,,,,,,,,,,,,,,,,,,,,,
# See www.esrl.noaa.gov/gmd/ccgg/trends/ for additional details.,,,,,,,,,,,,,,,,,,,,,,,
#,,,,,,,,,,,,,,,,,,,,,,,
# Data from March 1958 through April 1974 have been obtained by C. David Keeling,,,,,,,,,,,,,,,,,,,,,,,
# of the Scripps Institution of Oceanography (SIO) and were obtained from the,,,,,,,,,,,,,,,,,,,,,,,
# Scripps website (scrippsco2.ucsd.edu).,,,,,,,,,,,,,,,,,,,,,,,
# Monthly mean CO2 constructed from daily mean values,,,,,,,,,,,,,,,,,,,,,,,
# Scripps data downloaded from http://scrippsco2.ucsd.edu/data/atmospheric_co2,,,,,,,,,,,,,,,,,,,,,,,
# Monthly values are corrected to center of month based on average seasonal,,,,,,,,,,,,,,,,,,,,,,,
# cycle. Missing days can be asymmetric which would produce a high or low bias.,,,,,,,,,,,,,,,,,,,,,,,
# Missing months have been interpolated, for NOAA data indicated by negative stdev,,,,,,,,,,,,,,,,,,,,,,
# and uncertainty. We have no information for SIO data about Ndays, stdv, unc,,,,,,,,,,,,,,,,,,,,,
# so that they are also indicated by negative numbers,,,,,,,,,,,,,,,,,,,,,,,
year,month,decimal date,average,interpolated,trend,ndays,,,,,,,spring,summer,autumn,winter,,,,,,,
1958,3,1958.2027,315.7,314.43,-1,-9.99,-0.99,,,,,,316.8866667,,,,,,,,,,
1958,4,1958.2877,317.45,315.16,-1,-9.99,-0.99,,,,,,,,,,,,316.01,,,,
1958,5,1958.3699,317.51,314.71,-1,-9.99,-0.99,,,,,,,,,,,,,312.9866667,,,
1958,6,1958.4548,317.24,315.14,-1,-9.99,-0.99,,,,,,,316.01,,,,,,,,,
1958,7,1958.537,315.86,315.18,-1,-9.99,-0.99,,,,,,,,,,,,,,,,
1958,8,1958.6219,314.93,316.18,-1,-9.99,-0.99,,,,,,,,,,,,,,,,
1958,9,1958.7068,313.2,316.08,-1,-9.99,-0.99,,,,,,,,312.9866667,,,,,,,,
1958,10,1958.789,312.43,315.41,-1,-9.99,-0.99,,,,,,,,,,,,,,,,
1958,11,1958.874,313.33,315.2,-1,-9.99,-0.99,,,,,,,,,,,,,,,,
1958,12,1958.9562,314.67,315.43,-1,-9.99,-0.99,,,,,,,,,315.5766667,,,,,,,
1959,1,1959.0411,315.58,315.55,-1,-9.99,-0.99,,,,,,,,,,,,,,,,
1959,2,1959.126,316.48,315.86,-1,-9.99,-0.99,,,,,,,,,,,,,,,,
1959,3,1959.2027,316.65,315.38,-1,-9.99,-0.99,,,,,,317.5533333,,,,,,,,,,
1959,4,1959.2877,317.72,315.41,-1,-9.99,-0.99,,,,,,,,,,,,,,,,
1959,5,1959.3699,318.29,315.49,-1,-9.99,-0.99,,,,,,,,,,,,,,,,
1959,6,1959.4548,318.15,316.03,-1,-9.99,-0.99,,,,,,,316.4966667,,,,,,,,,
1959,7,1959.537,316.54,315.86,-1,-9.99,-0.99,,,,,,,,,,,,,,,,
1959,8,1959.6219,314.8,316.06,-1,-9.99,-0.99,,,,,,,,,,,,,,,,
1959,9,1959.7068,313.84,316.73,-1,-9.99,-0.99,,,,,,,,313.9933333,,,,,,,,
1959,10,1959.789,313.33,316.33,-1,-9.99,-0.99,,,,,,,,,,,,,,,,
1959,11,1959.874,314.81,316.68,-1,-9.99,-0.99,,,,,,,,,,,,,,,,
1959,12,1959.9562,315.58,316.35,-1,-9.99,-0.99,,,,,,,,,316.33,,,,,,,
1960,1,1960.041,316.43,316.4,-1,-9.99,-0.99,,,,,,,,,,,,,,,,
1960,2,1960.1257,316.98,316.36,-1,-9.99,-0.99,,,,,,,,,,,,,,,,
1960,3,1960.2049,317.58,316.28,-1,-9.99,-0.99,,,,,,318.8833333,,,,,,,,,,
1960,4,1960.2896,319.03,316.7,-1,-9.99,-0.99,,,,,,,,,,,,,,,,
1960,5,1960.3716,320.04,317.22,-1,-9.99,-0.99,,,,,,,,,,,,,,,,
1960,6,1960.4563,319.59,317.47,-1,-9.99,-0.99,,,,,,,317.89,,,,,,,,,
1960,7,1960.5383,318.18,317.52,-1,-9.99,-0.99,,,,,,,,,,,,,,,,
1960,8,1960.623,315.9,317.19,-1,-9.99,-0.99,,,,,,,,,,,,,,,,
1960,9,1960.7077,314.17,317.08,-1,-9.99,-0.99,,,,,,,,314.3333333,,,,,,,,
1960,10,1960.7896,313.83,316.83,-1,-9.99,-0.99,,,,,,,,,,,,,,,,
1960,11,1960.8743,315,316.88,-1,-9.99,-0.99,,,,,,,,,,,,,,,,
1960,12,1960.9563,316.19,316.96,-1,-9.99,-0.99,,,,,,,,,316.9266667,,,,,,,
1961,1,1961.0411,316.89,316.86,-1,-9.99,-0.99,,,,,,,,,,,,,,,,
1961,2,1961.126,317.7,317.08,-1,-9.99,-0.99,,,,,,,,,,,,,,,,
1961,3,1961.2027,318.54,317.26,-1,-9.99,-0.99,,,,,,319.5333333,,,,,,,,,,
1961,4,1961.2877,319.48,317.16,-1,-9.99,-0.99,,,,,,,,,,,,,,,,
1961,5,1961.3699,320.58,317.76,-1,-9.99,-0.99,,,,,,,,,,,,,,,,
1961,6,1961.4548,319.77,317.63,-1,-9.99,-0.99,,,,,,,318.3766667,,,,,,,,,
1961,7,1961.537,318.57,317.88,-1,-9.99,-0.99,,,,,,,,,,,,,,,,
1961,8,1961.6219,316.79,318.06,-1,-9.99,-0.99,,,,,,,,,,,,,,,,
1961,9,1961.7068,314.99,317.9,-1,-9.99,-0.99,,,,,,,,315.4666667,,,,,,,,
1961,10,1961.789,315.31,318.32,-1,-9.99,-0.99,,,,,,,,,,,,,,,,
1961,11,1961.874,316.1,317.99,-1,-9.99,-0.99,,,,,,,,,,,,,,,,
1961,12,1961.9562,317.01,317.79,-1,-9.99,-0.99,,,,,,,,,317.8333333,,,,,,,
1962,1,1962.0411,317.94,317.91,-1,-9.99,-0.99,,,,,,,,,,,,,,,,
1962,2,1962.126,318.55,317.92,-1,-9.99,-0.99,,,,,,,,,,,,,,,,
1962,3,1962.2027,319.68,318.39,-1,-9.99,-0.99,,,,,,320.4233333,,,,,,,,,,
1962,4,1962.2877,320.57,318.24,-1,-9.99,-0.99,,,,,,,,,,,,,,,,
1962,5,1962.3699,321.02,318.18,-1,-9.99,-0.99,,,,,,,,,,,,,,,,
1962,6,1962.4548,320.62,318.47,-1,-9.99,-0.99,,,,,,,319.21,,,,,,,,,
1962,7,1962.537,319.61,318.92,-1,-9.99,-0.99,,,,,,,,,,,,,,,,
1962,8,1962.6219,317.4,318.68,-1,-9.99,-0.99,,,,,,,,,,,,,,,,
1962,9,1962.7068,316.25,319.17,-1,-9.99,-0.99,,,,,,,,316.12,,,,,,,,
1962,10,1962.789,315.42,318.45,-1,-9.99,-0.99,,,,,,,,,,,,,,,,
1962,11,1962.874,316.69,318.58,-1,-9.99,-0.99,,,,,,,,,,,,,,,,
1962,12,1962.9562,317.7,318.47,-1,-9.99,-0.99,,,,,,,,,318.5033333,,,,,,,
1963,1,1963.0411,318.74,318.7,-1,-9.99,-0.99,,,,,,,,,,,,,,,,
1963,2,1963.126,319.07,318.44,-1,-9.99,-0.99,,,,,,,,,,,,,,,,
1963,3,1963.2027,319.86,318.57,-1,-9.99,-0.99,,,,,,321.1633333,,,,,,,,,,
1963,4,1963.2877,321.38,319.05,-1,-9.99,-0.99,,,,,,,,,,,,,,,,
1963,5,1963.3699,322.25,319.4,-1,-9.99,-0.99,,,,,,,,,,,,,,,,
1963,6,1963.4548,321.48,319.32,-1,-9.99,-0.99,,,,,,,319.6633333,,,,,,,,,
1963,7,1963.537,319.74,319.05,-1,-9.99,-0.99,,,,,,,,,,,,,,,,
1963,8,1963.6219,317.77,319.05,-1,-9.99,-0.99,,,,,,,,,,,,,,,,
1963,9,1963.7068,316.21,319.14,-1,-9.99,-0.99,,,,,,,,316.4233333,,,,,,,,
1963,10,1963.789,315.99,319.02,-1,-9.99,-0.99,,,,,,,,,,,,,,,,
1963,11,1963.874,317.07,318.97,-1,-9.99,-0.99,,,,,,,,,,,,,,,,
1963,12,1963.9562,318.35,319.13,-1,-9.99,-0.99,,,,,,,,,319.31,,,,,,,
1964,1,1964.041,319.57,319.54,-1,-9.99,-0.99,,,,,,,,,,,,,,,,
1964,2,1964.1257,320.01,319.37,-1,-9.99,-0.99,,,,,,,,,,,,,,,,
1964,3,1964.2049,320.74,319.41,-1,-9.99,-0.99,,,,,,321.6133333,,,,,,,,,,
1964,4,1964.2896,321.84,319.45,-1,-9.99,-0.99,,,,,,,,,,,,,,,,
1964,5,1964.3716,322.26,319.4,-1,-9.99,-0.99,,,,,,,,,,,,,,,,
1964,6,1964.4563,321.89,319.75,-1,-9.99,-0.99,,,,,,,320.34,,,,,,,,,
1964,7,1964.5383,320.44,319.77,-1,-9.99,-0.99,,,,,,,,,,,,,,,,
1964,8,1964.623,318.69,320,-1,-9.99,-0.99,,,,,,,,,,,,,,,,
1964,9,1964.7077,316.7,319.66,-1,-9.99,-0.99,,,,,,,,317.0833333,,,,,,,,
1964,10,1964.7896,316.87,319.91,-1,-9.99,-0.99,,,,,,,,,,,,,,,,
1964,11,1964.8743,317.68,319.58,-1,-9.99,-0.99,,,,,,,,,,,,,,,,
1964,12,1964.9563,318.71,319.49,-1,-9.99,-0.99,,,,,,,,,319.53,,,,,,,
1965,1,1965.0411,319.44,319.4,-1,-9.99,-0.99,,,,,,,,,,,,,,,,
1965,2,1965.126,320.44,319.81,-1,-9.99,-0.99,,,,,,,,,,,,,,,,
1965,3,1965.2027,320.89,319.59,-1,-9.99,-0.99,,,,,,321.7333333,,,,,,,,,,
1965,4,1965.2877,322.14,319.78,-1,-9.99,-0.99,,,,,,,,,,,,,,,,
1965,5,1965.3699,322.17,319.3,-1,-9.99,-0.99,,,,,,,,,,,,,,,,
1965,6,1965.4548,321.87,319.7,-1,-9.99,-0.99,,,,,,,320.65,,,,,,,,,
1965,7,1965.537,321.21,320.51,-1,-9.99,-0.99,,,,,,,,,,,,,,,,
1965,8,1965.6219,318.87,320.15,-1,-9.99,-0.99,,,,,,,,,,,,,,,,
1965,9,1965.7068,317.81,320.77,-1,-9.99,-0.99,,,,,,,,317.9933333,,,,,,,,
1965,10,1965.789,317.3,320.36,-1,-9.99,-0.99,,,,,,,,,,,,,,,,
1965,11,1965.874,318.87,320.78,-1,-9.99,-0.99,,,,,,,,,,,,,,,,
1965,12,1965.9562,319.42,320.2,-1,-9.99,-0.99,,,,,,,,,320.5466667,,,,,,,
1966,1,1966.0411,320.62,320.59,-1,-9.99,-0.99,,,,,,,,,,,,,,,,
1966,2,1966.126,321.6,320.96,-1,-9.99,-0.99,,,,,,,,,,,,,,,,
1966,3,1966.2027,322.39,321.08,-1,-9.99,-0.99,,,,,,323.39,,,,,,,,,,
1966,4,1966.2877,323.7,321.34,-1,-9.99,-0.99,,,,,,,,,,,,,,,,
1966,5,1966.3699,324.08,321.2,-1,-9.99,-0.99,,,,,,,,,,,,,,,,
1966,6,1966.4548,323.75,321.57,-1,-9.99,-0.99,,,,,,,322.1633333,,,,,,,,,
1966,7,1966.537,322.38,321.68,-1,-9.99,-0.99,,,,,,,,,,,,,,,,
1966,8,1966.6219,320.36,321.65,-1,-9.99,-0.99,,,,,,,,,,,,,,,,
1966,9,1966.7068,318.64,321.6,-1,-9.99,-0.99,,,,,,,,318.84,,,,,,,,
1966,10,1966.789,318.1,321.17,-1,-9.99,-0.99,,,,,,,,,,,,,,,,
1966,11,1966.874,319.78,321.7,-1,-9.99,-0.99,,,,,,,,,,,,,,,,
1966,12,1966.9562,321.03,321.81,-1,-9.99,-0.99,,,,,,,,,321.9533333,,,,,,,
1967,1,1967.0411,322.33,322.29,-1,-9.99,-0.99,,,,,,,,,,,,,,,,
1967,2,1967.126,322.5,321.86,-1,-9.99,-0.99,,,,,,,,,,,,,,,,
1967,3,1967.2027,323.04,321.73,-1,-9.99,-0.99,,,,,,324.1533333,,,,,,,,,,
1967,4,1967.2877,324.42,322.04,-1,-9.99,-0.99,,,,,,,,,,,,,,,,
1967,5,1967.3699,325,322.12,-1,-9.99,-0.99,,,,,,,,,,,,,,,,
1967,6,1967.4548,324.09,321.91,-1,-9.99,-0.99,,,,,,,322.5166667,,,,,,,,,
1967,7,1967.537,322.54,321.84,-1,-9.99,-0.99,,,,,,,,,,,,,,,,
1967,8,1967.6219,320.92,322.21,-1,-9.99,-0.99,,,,,,,,,,,,,,,,
1967,9,1967.7068,319.25,322.23,-1,-9.99,-0.99,,,,,,,,319.79,,,,,,,,
1967,10,1967.789,319.39,322.47,-1,-9.99,-0.99,,,,,,,,,,,,,,,,
1967,11,1967.874,320.73,322.65,-1,-9.99,-0.99,,,,,,,,,,,,,,,,
1967,12,1967.9562,321.96,322.75,-1,-9.99,-0.99,,,,,,,,,322.56,,,,,,,
1968,1,1968.041,322.57,322.54,-1,-9.99,-0.99,,,,,,,,,,,,,,,,
1968,2,1968.1257,323.15,322.51,-1,-9.99,-0.99,,,,,,,,,,,,,,,,
1968,3,1968.2049,323.89,322.55,-1,-9.99,-0.99,,,,,,324.8266667,,,,,,,,,,
1968,4,1968.2896,325.02,322.62,-1,-9.99,-0.99,,,,,,,,,,,,,,,,
1968,5,1968.3716,325.57,322.68,-1,-9.99,-0.99,,,,,,,,,,,,,,,,
1968,6,1968.4563,325.36,323.19,-1,-9.99,-0.99,,,,,,,323.87,,,,,,,,,
1968,7,1968.5383,324.14,323.46,-1,-9.99,-0.99,,,,,,,,,,,,,,,,
1968,8,1968.623,322.11,323.43,-1,-9.99,-0.99,,,,,,,,,,,,,,,,
1968,9,1968.7077,320.33,323.32,-1,-9.99,-0.99,,,,,,,,320.6333333,,,,,,,,
1968,10,1968.7896,320.25,323.33,-1,-9.99,-0.99,,,,,,,,,,,,,,,,
1968,11,1968.8743,321.32,323.25,-1,-9.99,-0.99,,,,,,,,,,,,,,,,
1968,12,1968.9563,322.89,323.69,-1,-9.99,-0.99,,,,,,,,,323.77,,,,,,,
1969,1,1969.0411,324,323.97,-1,-9.99,-0.99,,,,,,,,,,,,,,,,
1969,2,1969.126,324.42,323.77,-1,-9.99,-0.99,,,,,,,,,,,,,,,,
1969,3,1969.2027,325.63,324.31,-1,-9.99,-0.99,,,,,,326.5566667,,,,,,,,,,
1969,4,1969.2877,326.66,324.27,-1,-9.99,-0.99,,,,,,,,,,,,,,,,
1969,5,1969.3699,327.38,324.48,-1,-9.99,-0.99,,,,,,,,,,,,,,,,
1969,6,1969.4548,326.71,324.51,-1,-9.99,-0.99,,,,,,,325.4166667,,,,,,,,,
1969,7,1969.537,325.88,325.17,-1,-9.99,-0.99,,,,,,,,,,,,,,,,
1969,8,1969.6219,323.66,324.97,-1,-9.99,-0.99,,,,,,,,,,,,,,,,
1969,9,1969.7068,322.38,325.37,-1,-9.99,-0.99,,,,,,,,322.34,,,,,,,,
1969,10,1969.789,321.78,324.88,-1,-9.99,-0.99,,,,,,,,,,,,,,,,
1969,11,1969.874,322.86,324.79,-1,-9.99,-0.99,,,,,,,,,,,,,,,,
1969,12,1969.9562,324.12,324.91,-1,-9.99,-0.99,,,,,,,,,325.0533333,,,,,,,
1970,1,1970.0411,325.06,325.03,-1,-9.99,-0.99,,,,,,,,,,,,,,,,
1970,2,1970.126,325.98,325.34,-1,-9.99,-0.99,,,,,,,,,,,,,,,,
1970,3,1970.2027,326.93,325.61,-1,-9.99,-0.99,,,,,,327.7133333,,,,,,,,,,
1970,4,1970.2877,328.13,325.74,-1,-9.99,-0.99,,,,,,,,,,,,,,,,
1970,5,1970.3699,328.08,325.16,-1,-9.99,-0.99,,,,,,,,,,,,,,,,
1970,6,1970.4548,327.67,325.46,-1,-9.99,-0.99,,,,,,,326.2333333,,,,,,,,,
1970,7,1970.537,326.34,325.63,-1,-9.99,-0.99,,,,,,,,,,,,,,,,
1970,8,1970.6219,324.69,325.99,-1,-9.99,-0.99,,,,,,,,,,,,,,,,
1970,9,1970.7068,323.1,326.1,-1,-9.99,-0.99,,,,,,,,323.39,,,,,,,,
1970,10,1970.789,323.06,326.18,-1,-9.99,-0.99,,,,,,,,,,,,,,,,
1970,11,1970.874,324.01,325.95,-1,-9.99,-0.99,,,,,,,,,,,,,,,,
1970,12,1970.9562,325.13,325.93,-1,-9.99,-0.99,,,,,,,,,325.9933333,,,,,,,
1971,1,1971.0411,326.17,326.14,-1,-9.99,-0.99,,,,,,,,,,,,,,,,
1971,2,1971.126,326.68,326.03,-1,-9.99,-0.99,,,,,,,,,,,,,,,,
1971,3,1971.2027,327.17,325.85,-1,-9.99,-0.99,,,,,,327.9633333,,,,,,,,,,
1971,4,1971.2877,327.79,325.38,-1,-9.99,-0.99,,,,,,,,,,,,,,,,
1971,5,1971.3699,328.93,326,-1,-9.99,-0.99,,,,,,,,,,,,,,,,
1971,6,1971.4548,328.57,326.36,-1,-9.99,-0.99,,,,,,,327.12,,,,,,,,,
1971,7,1971.537,327.36,326.65,-1,-9.99,-0.99,,,,,,,,,,,,,,,,
1971,8,1971.6219,325.43,326.74,-1,-9.99,-0.99,,,,,,,,,,,,,,,,
1971,9,1971.7068,323.36,326.37,-1,-9.99,-0.99,,,,,,,,323.9066667,,,,,,,,
1971,10,1971.789,323.56,326.69,-1,-9.99,-0.99,,,,,,,,,,,,,,,,
1971,11,1971.874,324.8,326.75,-1,-9.99,-0.99,,,,,,,,,,,,,,,,
1971,12,1971.9562,326.01,326.82,-1,-9.99,-0.99,,,,,,,,,326.8033333,,,,,,,
1972,1,1972.041,326.77,326.73,-1,-9.99,-0.99,,,,,,,,,,,,,,,,
1972,2,1972.1257,327.63,326.98,-1,-9.99,-0.99,,,,,,,,,,,,,,,,
1972,3,1972.2049,327.75,326.39,-1,-9.99,-0.99,,,,,,329.18,,,,,,,,,,
1972,4,1972.2896,329.72,327.29,-1,-9.99,-0.99,,,,,,,,,,,,,,,,
1972,5,1972.3716,330.07,327.14,-1,-9.99,-0.99,,,,,,,,,,,,,,,,
1972,6,1972.4563,329.09,326.88,-1,-9.99,-0.99,,,,,,,327.8166667,,,,,,,,,
1972,7,1972.5383,328.04,327.36,-1,-9.99,-0.99,,,,,,,,,,,,,,,,
1972,8,1972.623,326.32,327.67,-1,-9.99,-0.99,,,,,,,,,,,,,,,,
1972,9,1972.7077,324.84,327.87,-1,-9.99,-0.99,,,,,,,,325.5133333,,,,,,,,
1972,10,1972.7896,325.2,328.33,-1,-9.99,-0.99,,,,,,,,,,,,,,,,
1972,11,1972.8743,326.5,328.45,-1,-9.99,-0.99,,,,,,,,,,,,,,,,
1972,12,1972.9563,327.55,328.36,-1,-9.99,-0.99,,,,,,,,,328.5533333,,,,,,,
1973,1,1973.0411,328.55,328.51,-1,-9.99,-0.99,,,,,,,,,,,,,,,,
1973,2,1973.126,329.56,328.91,-1,-9.99,-0.99,,,,,,,,,,,,,,,,
1973,3,1973.2027,330.3,328.96,-1,-9.99,-0.99,,,,,,331.4266667,,,,,,,,,,
1973,4,1973.2877,331.5,329.08,-1,-9.99,-0.99,,,,,,,,,,,,,,,,
1973,5,1973.3699,332.48,329.54,-1,-9.99,-0.99,,,,,,,,,,,,,,,,
1973,6,1973.4548,332.07,329.84,-1,-9.99,-0.99,,,,,,,330.75,,,,,,,,,
1973,7,1973.537,330.87,330.15,-1,-9.99,-0.99,,,,,,,,,,,,,,,,
1973,8,1973.6219,329.31,330.63,-1,-9.99,-0.99,,,,,,,,,,,,,,,,
1973,9,1973.7068,327.51,330.55,-1,-9.99,-0.99,,,,,,,,327.6166667,,,,,,,,
1973,10,1973.789,327.18,330.32,-1,-9.99,-0.99,,,,,,,,,,,,,,,,
1973,11,1973.874,328.16,330.13,-1,-9.99,-0.99,,,,,,,,,,,,,,,,
1973,12,1973.9562,328.64,329.45,-1,-9.99,-0.99,,,,,,,,,329.5666667,,,,,,,
1974,1,1974.0411,329.35,329.32,-1,-9.99,-0.99,,,,,,,,,,,,,,,,
1974,2,1974.126,330.71,330.05,-1,-9.99,-0.99,,,,,,,,,,,,,,,,
1974,3,1974.2027,331.48,330.14,-1,-9.99,-0.99,,,,,,332.44,,,,,,,,,,
1974,4,1974.2877,332.65,330.22,-1,-9.99,-0.99,,,,,,,,,,,,,,,,
1974,5,1974.375,333.19,330.22,13,0.31,0.16,,,,,,,,,,,,,,,,
1974,6,1974.4583,332.2,329.79,25,0.37,0.14,,,,,,,330.8066667,,,,,,,,,
1974,7,1974.5417,331.07,330.21,24,0.24,0.09,,,,,,,,,,,,,,,,
1974,8,1974.625,329.15,330.54,26,0.31,0.12,,,,,,,,,,,,,,,,
1974,9,1974.7083,327.33,330.44,22,0.47,0.19,,,,,,,,327.64,,,,,,,,
1974,10,1974.7917,327.28,330.52,24,0.22,0.09,,,,,,,,,,,,,,,,
1974,11,1974.875,328.31,330.5,26,0.43,0.16,,,,,,,,,,,,,,,,
1974,12,1974.9583,329.58,330.56,29,0.29,0.1,,,,,,,,,330.59,,,,,,,
1975,1,1975.0417,330.73,330.84,29,0.43,0.15,,,,,,,,,,,,,,,,
1975,2,1975.125,331.46,330.85,26,0.46,0.17,,,,,,,,,,,,,,,,
1975,3,1975.2083,331.94,330.37,17,0.33,0.15,,,,,,333,,,,,,,,,,
1975,4,1975.2917,333.11,330.53,23,0.59,0.24,,,,,,,,,,,,,,,,
1975,5,1975.375,333.95,330.97,28,0.35,0.13,,,,,,,,,,,,,,,,
1975,6,1975.4583,333.42,331.01,27,0.48,0.18,,,,,,,331.78,,,,,,,,,
1975,7,1975.5417,331.97,331.12,24,0.45,0.18,,,,,,,,,,,,,,,,
1975,8,1975.625,329.95,331.33,24,0.47,0.18,,,,,,,,,,,,,,,,
1975,9,1975.7083,328.5,331.6,22,0.53,0.22,,,,,,,,328.7466667,,,,,,,,
1975,10,1975.7917,328.36,331.61,11,0.21,0.12,,,,,,,,,,,,,,,,
1975,11,1975.875,329.38,331.57,18,0.31,0.14,,,,,,,,,,,,,,,,
1975,12,1975.9583,330.62,331.6,-1,-9.99,-0.99,,,,,,,,,331.64,,,,,,,
1976,1,1976.0417,331.56,331.67,19,0.23,0.1,,,,,,,,,,,,,,,,
1976,2,1976.125,332.74,332.13,22,0.49,0.2,,,,,,,,,,,,,,,,
1976,3,1976.2083,333.36,331.79,18,0.52,0.23,,,,,,334.2733333,,,,,,,,,,
1976,4,1976.2917,334.74,332.16,18,0.77,0.35,,,,,,,,,,,,,,,,
1976,5,1976.375,334.72,331.75,21,0.56,0.23,,,,,,,,,,,,,,,,
1976,6,1976.4583,333.98,331.56,15,0.21,0.1,,,,,,,332.58,,,,,,,,,
1976,7,1976.5417,333.08,332.22,15,0.24,0.12,,,,,,,,,,,,,,,,
1976,8,1976.625,330.68,332.07,23,0.51,0.2,,,,,,,,,,,,,,,,
1976,9,1976.7083,328.96,332.07,13,0.69,0.37,,,,,,,,329.28,,,,,,,,
1976,10,1976.7917,328.72,331.97,19,0.57,0.25,,,,,,,,,,,,,,,,
1976,11,1976.875,330.16,332.35,25,0.36,0.14,,,,,,,,,,,,,,,,
1976,12,1976.9583,331.62,332.6,20,0.38,0.16,,,,,,,,,332.49,,,,,,,
1977,1,1977.0417,332.68,332.77,23,0.4,0.16,,,,,,,,,,,,,,,,
1977,2,1977.125,333.17,332.57,20,0.34,0.15,,,,,,,,,,,,,,,,
1977,3,1977.2083,334.96,333.4,23,0.51,0.21,,,,,,336.01,,,,,,,,,,
1977,4,1977.2917,336.14,333.54,20,0.5,0.21,,,,,,,,,,,,,,,,
1977,5,1977.375,336.93,333.99,20,0.31,0.13,,,,,,,,,,,,,,,,
1977,6,1977.4583,336.17,333.79,22,0.4,0.16,,,,,,,334.5366667,,,,,,,,,
1977,7,1977.5417,334.88,334,20,0.23,0.1,,,,,,,,,,,,,,,,
1977,8,1977.625,332.56,333.9,18,0.46,0.21,,,,,,,,,,,,,,,,
1977,9,1977.7083,331.29,334.36,19,0.46,0.2,,,,,,,,331.6766667,,,,,,,,
1977,10,1977.7917,331.28,334.5,23,0.29,0.12,,,,,,,,,,,,,,,,
1977,11,1977.875,332.46,334.69,21,0.43,0.18,,,,,,,,,,,,,,,,
1977,12,1977.9583,333.6,334.59,25,0.36,0.14,,,,,,,,,334.6,,,,,,,
1978,1,1978.0417,334.94,335.01,22,0.52,0.21,,,,,,,,,,,,,,,,
1978,2,1978.125,335.26,334.59,25,0.5,0.19,,,,,,,,,,,,,,,,
1978,3,1978.2083,336.66,335,28,0.59,0.21,,,,,,337.4566667,,,,,,,,,,
1978,4,1978.2917,337.69,335.07,18,0.44,0.2,,,,,,,,,,,,,,,,
1978,5,1978.375,338.02,335.07,26,0.46,0.17,,,,,,,,,,,,,,,,
1978,6,1978.4583,338.01,335.59,17,0.31,0.15,,,,,,,336.31,,,,,,,,,
1978,7,1978.5417,336.5,335.65,20,0.32,0.14,,,,,,,,,,,,,,,,
1978,8,1978.625,334.42,335.87,19,0.32,0.14,,,,,,,,,,,,,,,,
1978,9,1978.7083,332.36,335.51,17,0.75,0.35,,,,,,,,332.8566667,,,,,,,,
1978,10,1978.7917,332.45,335.72,21,0.34,0.14,,,,,,,,,,,,,,,,
1978,11,1978.875,333.76,335.99,24,0.25,0.1,,,,,,,,,,,,,,,,
1978,12,1978.9583,334.91,335.89,26,0.33,0.12,,,,,,,,,335.9133333,,,,,,,
1979,1,1979.0417,336.14,336.22,27,0.55,0.2,,,,,,,,,,,,,,,,
1979,2,1979.125,336.69,336,25,0.3,0.11,,,,,,,,,,,,,,,,
1979,3,1979.2083,338.27,336.56,21,0.63,0.26,,,,,,338.7766667,,,,,,,,,,
1979,4,1979.2917,338.82,336.11,24,0.67,0.26,,,,,,,,,,,,,,,,
1979,5,1979.375,339.24,336.24,20,0.5,0.22,,,,,,,,,,,,,,,,
1979,6,1979.4583,339.26,336.83,19,0.35,0.15,,,,,,,337.5066667,,,,,,,,,
1979,7,1979.5417,337.54,336.69,26,0.59,0.22,,,,,,,,,,,,,,,,
1979,8,1979.625,335.72,337.2,24,0.6,0.23,,,,,,,,,,,,,,,,
1979,9,1979.7083,333.98,337.19,19,0.65,0.29,,,,,,,,334.5133333,,,,,,,,
1979,10,1979.7917,334.24,337.57,25,0.42,0.16,,,,,,,,,,,,,,,,
1979,11,1979.875,335.32,337.59,27,0.3,0.11,,,,,,,,,,,,,,,,
1979,12,1979.9583,336.81,337.83,22,0.23,0.09,,,,,,,,,337.6833333,,,,,,,
1980,1,1980.0417,337.9,338.13,29,0.57,0.2,,,,,,,,,,,,,,,,
1980,2,1980.125,338.34,337.85,26,0.49,0.18,,,,,,,,,,,,,,,,
1980,3,1980.2083,340.07,338.51,23,0.54,0.22,,,,,,340.8166667,,,,,,,,,,
1980,4,1980.2917,340.93,338.31,24,0.29,0.11,,,,,,,,,,,,,,,,
1980,5,1980.375,341.45,338.4,24,0.54,0.21,,,,,,,,,,,,,,,,
1980,6,1980.4583,341.36,338.85,20,0.39,0.17,,,,,,,339.4933333,,,,,,,,,
1980,7,1980.5417,339.45,338.56,26,0.6,0.22,,,,,,,,,,,,,,,,
1980,8,1980.625,337.67,339.07,16,1.05,0.5,,,,,,,,,,,,,,,,
1980,9,1980.7083,336.25,339.37,15,0.69,0.34,,,,,,,,336.5633333,,,,,,,,
1980,10,1980.7917,336.14,339.4,26,0.26,0.1,,,,,,,,,,,,,,,,
1980,11,1980.875,337.3,339.46,27,0.26,0.1,,,,,,,,,,,,,,,,
1980,12,1980.9583,338.29,339.26,24,0.25,0.1,,,,,,,,,339.3766667,,,,,,,
1981,1,1981.0417,339.29,339.42,28,0.39,0.14,,,,,,,,,,,,,,,,
1981,2,1981.125,340.55,339.97,25,0.65,0.25,,,,,,,,,,,,,,,,
1981,3,1981.2083,341.63,340.09,25,0.48,0.19,,,,,,342.4233333,,,,,,,,,,
1981,4,1981.2917,342.6,340,26,0.46,0.17,,,,,,,,,,,,,,,,
1981,5,1981.375,343.04,339.98,30,0.19,0.07,,,,,,,,,,,,,,,,
1981,6,1981.4583,342.54,340.05,25,0.29,0.11,,,,,,,340.6133333,,,,,,,,,
1981,7,1981.5417,340.82,339.92,24,0.46,0.18,,,,,,,,,,,,,,,,
1981,8,1981.625,338.48,339.87,25,0.48,0.18,,,,,,,,,,,,,,,,
1981,9,1981.7083,336.95,340.16,27,0.55,0.2,,,,,,,,337.5266667,,,,,,,,
1981,10,1981.7917,337.05,340.39,25,0.39,0.15,,,,,,,,,,,,,,,,
1981,11,1981.875,338.58,340.74,26,0.31,0.12,,,,,,,,,,,,,,,,
1981,12,1981.9583,339.91,340.85,20,0.28,0.12,,,,,,,,,340.8666667,,,,,,,
1982,1,1982.0417,340.93,341.09,28,0.3,0.11,,,,,,,,,,,,,,,,
1982,2,1982.125,341.76,341.15,24,0.49,0.19,,,,,,,,,,,,,,,,
1982,3,1982.2083,342.78,341.18,17,0.41,0.19,,,,,,343.8366667,,,,,,,,,,
1982,4,1982.2917,343.96,341.34,7,0.42,0.31,,,,,,,,,,,,,,,,
1982,5,1982.375,344.77,341.68,27,0.37,0.14,,,,,,,,,,,,,,,,
1982,6,1982.4583,343.88,341.42,27,0.37,0.14,,,,,,,342.18,,,,,,,,,
1982,7,1982.5417,342.42,341.61,28,0.35,0.13,,,,,,,,,,,,,,,,
1982,8,1982.625,340.24,341.64,25,0.61,0.23,,,,,,,,,,,,,,,,
1982,9,1982.7083,338.38,341.56,21,0.59,0.25,,,,,,,,338.7433333,,,,,,,,
1982,10,1982.7917,338.41,341.77,26,0.5,0.19,,,,,,,,,,,,,,,,
1982,11,1982.875,339.44,341.58,24,0.39,0.15,,,,,,,,,,,,,,,,
1982,12,1982.9583,340.78,341.7,26,0.3,0.11,,,,,,,,,341.71,,,,,,,
1983,1,1983.0417,341.57,341.75,28,0.47,0.17,,,,,,,,,,,,,,,,
1983,2,1983.125,342.78,342.24,24,0.37,0.15,,,,,,,,,,,,,,,,
1983,3,1983.2083,343.37,341.86,27,0.88,0.32,,,,,,344.97,,,,,,,,,,
1983,4,1983.2917,345.4,342.78,23,0.29,0.12,,,,,,,,,,,,,,,,
1983,5,1983.375,346.14,342.97,28,0.51,0.19,,,,,,,,,,,,,,,,
1983,6,1983.4583,345.76,343.29,20,0.3,0.13,,,,,,,344.1966667,,,,,,,,,
1983,7,1983.5417,344.32,343.56,22,0.57,0.23,,,,,,,,,,,,,,,,
1983,8,1983.625,342.51,343.89,16,0.73,0.35,,,,,,,,,,,,,,,,
1983,9,1983.7083,340.46,343.59,15,0.5,0.25,,,,,,,,340.9266667,,,,,,,,
1983,10,1983.7917,340.53,343.86,20,0.31,0.13,,,,,,,,,,,,,,,,
1983,11,1983.875,341.79,343.92,27,0.33,0.12,,,,,,,,,,,,,,,,
1983,12,1983.9583,343.2,344.12,21,0.25,0.1,,,,,,,,,344.11,,,,,,,
1984,1,1984.0417,344.21,344.32,23,0.4,0.16,,,,,,,,,,,,,,,,
1984,2,1984.125,344.92,344.38,23,0.32,0.13,,,,,,,,,,,,,,,,
1984,3,1984.2083,345.68,344.26,19,0.3,0.13,,,,,,346.8666667,,,,,,,,,,
1984,4,1984.2917,347.14,344.54,2,-9.99,-0.99,,,,,,,,,,,,,,,,
1984,5,1984.375,347.78,344.59,20,0.42,0.18,,,,,,,,,,,,,,,,
1984,6,1984.4583,347.16,344.72,20,0.31,0.13,,,,,,,345.5633333,,,,,,,,,
1984,7,1984.5417,345.79,345.02,18,0.33,0.15,,,,,,,,,,,,,,,,
1984,8,1984.625,343.74,345.11,12,0.45,0.25,,,,,,,,,,,,,,,,
1984,9,1984.7083,341.59,344.75,14,0.72,0.37,,,,,,,,342.2533333,,,,,,,,
1984,10,1984.7917,341.86,345.19,12,0.36,0.2,,,,,,,,,,,,,,,,
1984,11,1984.875,343.31,345.41,18,0.41,0.19,,,,,,,,,,,,,,,,
1984,12,1984.9583,345,345.88,14,0.53,0.27,,,,,,,,,345.63,,,,,,,
1985,1,1985.0417,345.48,345.59,25,0.38,0.14,,,,,,,,,,,,,,,,
1985,2,1985.125,346.41,345.91,15,0.37,0.18,,,,,,,,,,,,,,,,
1985,3,1985.2083,347.91,346.57,17,0.34,0.16,,,,,,348.6166667,,,,,,,,,,
1985,4,1985.2917,348.66,346.1,21,0.61,0.25,,,,,,,,,,,,,,,,
1985,5,1985.375,349.28,346.13,20,0.51,0.22,,,,,,,,,,,,,,,,
1985,6,1985.4583,348.65,346.22,21,0.34,0.14,,,,,,,346.9366667,,,,,,,,,
1985,7,1985.5417,346.9,346.08,17,0.36,0.17,,,,,,,,,,,,,,,,
1985,8,1985.625,345.26,346.57,16,0.57,0.27,,,,,,,,,,,,,,,,
1985,9,1985.7083,343.47,346.58,24,0.57,0.22,,,,,,,,343.85,,,,,,,,
1985,10,1985.7917,343.35,346.6,20,0.29,0.13,,,,,,,,,,,,,,,,
1985,11,1985.875,344.73,346.82,21,0.4,0.17,,,,,,,,,,,,,,,,
1985,12,1985.9583,346.12,347.04,26,0.62,0.23,,,,,,,,,346.7933333,,,,,,,
1986,1,1986.0417,346.78,346.82,25,0.31,0.12,,,,,,,,,,,,,,,,
1986,2,1986.125,347.48,346.97,25,0.45,0.17,,,,,,,,,,,,,,,,
1986,3,1986.2083,348.25,346.94,16,0.7,0.34,,,,,,349.5433333,,,,,,,,,,
1986,4,1986.2917,349.86,347.32,19,0.38,0.17,,,,,,,,,,,,,,,,
1986,5,1986.375,350.52,347.42,18,0.31,0.14,,,,,,,,,,,,,,,,
1986,6,1986.4583,349.98,347.6,17,0.25,0.11,,,,,,,348.1333333,,,,,,,,,
1986,7,1986.5417,348.25,347.43,20,0.47,0.2,,,,,,,,,,,,,,,,
1986,8,1986.625,346.17,347.51,18,0.48,0.21,,,,,,,,,,,,,,,,
1986,9,1986.7083,345.48,348.61,17,0.63,0.29,,,,,,,,345.5066667,,,,,,,,
1986,10,1986.7917,344.82,348.04,25,0.32,0.12,,,,,,,,,,,,,,,,
1986,11,1986.875,346.22,348.28,21,0.3,0.13,,,,,,,,,,,,,,,,
1986,12,1986.9583,347.48,348.36,24,0.35,0.14,,,,,,,,,348.3766667,,,,,,,
1987,1,1987.0417,348.73,348.66,25,0.46,0.17,,,,,,,,,,,,,,,,
1987,2,1987.125,348.92,348.23,25,0.58,0.22,,,,,,,,,,,,,,,,
1987,3,1987.2083,349.81,348.39,21,0.35,0.15,,,,,,351.12,,,,,,,,,,
1987,4,1987.2917,351.4,348.86,26,0.68,0.25,,,,,,,,,,,,,,,,
1987,5,1987.375,352.15,349.09,28,0.37,0.13,,,,,,,,,,,,,,,,
1987,6,1987.4583,351.58,349.28,22,0.21,0.09,,,,,,,349.9966667,,,,,,,,,
1987,7,1987.5417,350.21,349.51,17,0.73,0.34,,,,,,,,,,,,,,,,
1987,8,1987.625,348.2,349.65,15,0.85,0.42,,,,,,,,,,,,,,,,
1987,9,1987.7083,346.66,349.85,23,0.61,0.24,,,,,,,,347.1533333,,,,,,,,
1987,10,1987.7917,346.72,349.96,22,0.41,0.17,,,,,,,,,,,,,,,,
1987,11,1987.875,348.08,350.14,23,0.33,0.13,,,,,,,,,,,,,,,,
1987,12,1987.9583,349.28,350.14,27,0.2,0.08,,,,,,,,,350.4966667,,,,,,,
1988,1,1988.0417,350.51,350.49,24,0.21,0.08,,,,,,,,,,,,,,,,
1988,2,1988.125,351.7,350.99,23,0.57,0.23,,,,,,,,,,,,,,,,
1988,3,1988.2083,352.5,350.99,25,0.78,0.3,,,,,,353.5066667,,,,,,,,,,
1988,4,1988.2917,353.67,351.03,27,0.48,0.18,,,,,,,,,,,,,,,,
1988,5,1988.375,354.35,351.22,28,0.37,0.13,,,,,,,,,,,,,,,,
1988,6,1988.4583,353.88,351.55,26,0.3,0.11,,,,,,,352.39,,,,,,,,,
1988,7,1988.5417,352.8,352.15,27,0.49,0.18,,,,,,,,,,,,,,,,
1988,8,1988.625,350.49,352.01,26,0.62,0.23,,,,,,,,,,,,,,,,
1988,9,1988.7083,348.97,352.18,26,0.47,0.18,,,,,,,,349.5866667,,,,,,,,
1988,10,1988.7917,349.37,352.62,26,0.31,0.12,,,,,,,,,,,,,,,,
1988,11,1988.875,350.42,352.53,25,0.2,0.08,,,,,,,,,,,,,,,,
1988,12,1988.9583,351.62,352.52,28,0.36,0.13,,,,,,,,,352.7066667,,,,,,,
1989,1,1989.0417,353.07,352.99,28,0.45,0.16,,,,,,,,,,,,,,,,
1989,2,1989.125,353.43,352.69,25,0.38,0.15,,,,,,,,,,,,,,,,
1989,3,1989.2083,354.08,352.6,29,0.53,0.19,,,,,,355.25,,,,,,,,,,
1989,4,1989.2917,355.72,353.07,28,0.47,0.17,,,,,,,,,,,,,,,,
1989,5,1989.375,355.95,352.78,27,0.49,0.18,,,,,,,,,,,,,,,,
1989,6,1989.4583,355.44,353.06,26,0.42,0.16,,,,,,,353.7766667,,,,,,,,,
1989,7,1989.5417,354.05,353.38,26,0.41,0.15,,,,,,,,,,,,,,,,
1989,8,1989.625,351.84,353.43,25,0.48,0.18,,,,,,,,,,,,,,,,
1989,9,1989.7083,350.09,353.37,24,0.69,0.27,,,,,,,,350.6566667,,,,,,,,
1989,10,1989.7917,350.33,353.57,25,0.34,0.13,,,,,,,,,,,,,,,,
1989,11,1989.875,351.55,353.68,27,0.36,0.13,,,,,,,,,,,,,,,,
1989,12,1989.9583,352.91,353.84,27,0.48,0.18,,,,,,,,,353.9566667,,,,,,,
1990,1,1990.0417,353.86,353.78,25,0.34,0.13,,,,,,,,,,,,,,,,
1990,2,1990.125,355.1,354.37,28,0.66,0.24,,,,,,,,,,,,,,,,
1990,3,1990.2083,355.75,354.27,27,0.57,0.21,,,,,,356.5033333,,,,,,,,,,
1990,4,1990.2917,356.38,353.76,28,0.55,0.2,,,,,,,,,,,,,,,,
1990,5,1990.375,357.38,354.23,28,0.3,0.11,,,,,,,,,,,,,,,,
1990,6,1990.4583,356.39,354.02,29,0.4,0.14,,,,,,,354.78,,,,,,,,,
1990,7,1990.5417,354.89,354.24,30,0.89,0.31,,,,,,,,,,,,,,,,
1990,8,1990.625,353.06,354.68,22,0.62,0.25,,,,,,,,,,,,,,,,
1990,9,1990.7083,351.38,354.69,27,0.72,0.26,,,,,,,,352.07,,,,,,,,
1990,10,1990.7917,351.69,354.94,28,0.3,0.11,,,,,,,,,,,,,,,,
1990,11,1990.875,353.14,355.18,24,0.2,0.08,,,,,,,,,,,,,,,,
1990,12,1990.9583,354.41,355.26,28,0.51,0.19,,,,,,,,,355.0533333,,,,,,,
1991,1,1991.0417,354.93,354.9,28,0.51,0.18,,,,,,,,,,,,,,,,
1991,2,1991.125,355.82,355.11,26,0.54,0.2,,,,,,,,,,,,,,,,
1991,3,1991.2083,357.33,355.79,30,0.73,0.25,,,,,,358.4433333,,,,,,,,,,
1991,4,1991.2917,358.77,356.13,30,0.66,0.23,,,,,,,,,,,,,,,,
1991,5,1991.375,359.23,356.1,29,0.52,0.19,,,,,,,,,,,,,,,,
1991,6,1991.4583,358.23,355.88,29,0.3,0.11,,,,,,,356.1666667,,,,,,,,,
1991,7,1991.5417,356.3,355.69,24,0.46,0.18,,,,,,,,,,,,,,,,
1991,8,1991.625,353.97,355.6,23,0.39,0.15,,,,,,,,,,,,,,,,
1991,9,1991.7083,352.34,355.66,27,0.37,0.14,,,,,,,,352.8866667,,,,,,,,
1991,10,1991.7917,352.43,355.69,27,0.25,0.09,,,,,,,,,,,,,,,,
1991,11,1991.875,353.89,355.87,28,0.25,0.09,,,,,,,,,,,,,,,,
1991,12,1991.9583,355.21,356.02,30,0.34,0.12,,,,,,,,,356.2533333,,,,,,,
1992,1,1992.0417,356.34,356.29,31,0.6,0.21,,,,,,,,,,,,,,,,
1992,2,1992.125,357.21,356.47,27,0.56,0.21,,,,,,,,,,,,,,,,
1992,3,1992.2083,357.97,356.38,24,0.72,0.28,,,,,,358.9666667,,,,,,,,,,
1992,4,1992.2917,359.22,356.51,27,0.53,0.2,,,,,,,,,,,,,,,,
1992,5,1992.375,359.71,356.52,26,0.74,0.28,,,,,,,,,,,,,,,,
1992,6,1992.4583,359.43,357.07,30,0.49,0.17,,,,,,,357.19,,,,,,,,,
1992,7,1992.5417,357.15,356.58,25,0.63,0.24,,,,,,,,,,,,,,,,
1992,8,1992.625,354.99,356.67,24,0.62,0.24,,,,,,,,,,,,,,,,
1992,9,1992.7083,353.01,356.36,25,0.98,0.38,,,,,,,,353.6133333,,,,,,,,
1992,10,1992.7917,353.41,356.72,29,0.56,0.2,,,,,,,,,,,,,,,,
1992,11,1992.875,354.42,356.48,29,0.34,0.12,,,,,,,,,,,,,,,,
1992,12,1992.9583,355.68,356.5,31,0.32,0.11,,,,,,,,,356.7333333,,,,,,,
1993,1,1993.0417,357.1,357.06,28,0.58,0.21,,,,,,,,,,,,,,,,
1993,2,1993.125,357.42,356.54,28,0.49,0.18,,,,,,,,,,,,,,,,
1993,3,1993.2083,358.59,356.88,30,0.72,0.25,,,,,,359.4266667,,,,,,,,,,
1993,4,1993.2917,359.39,356.71,25,0.53,0.2,,,,,,,,,,,,,,,,
1993,5,1993.375,360.3,357.14,30,0.45,0.16,,,,,,,,,,,,,,,,
1993,6,1993.4583,359.64,357.24,28,0.35,0.13,,,,,,,357.62,,,,,,,,,
1993,7,1993.5417,357.46,356.87,25,0.78,0.3,,,,,,,,,,,,,,,,
1993,8,1993.625,355.76,357.44,27,0.62,0.23,,,,,,,,,,,,,,,,
1993,9,1993.7083,354.14,357.51,23,0.73,0.29,,,,,,,,354.6333333,,,,,,,,
1993,10,1993.7917,354.23,357.61,28,0.29,0.11,,,,,,,,,,,,,,,,
1993,11,1993.875,355.53,357.65,29,0.26,0.09,,,,,,,,,,,,,,,,
1993,12,1993.9583,357.03,357.92,29,0.28,0.1,,,,,,,,,358.1433333,,,,,,,
1994,1,1994.0417,358.36,358.25,27,0.33,0.12,,,,,,,,,,,,,,,,
1994,2,1994.125,359.04,358.21,25,0.5,0.19,,,,,,,,,,,,,,,,
1994,3,1994.2083,360.11,358.41,29,0.82,0.29,,,,,,361.0833333,,,,,,,,,,
1994,4,1994.2917,361.36,358.59,28,0.5,0.18,,,,,,,,,,,,,,,,
1994,5,1994.375,361.78,358.59,30,0.45,0.16,,,,,,,,,,,,,,,,
1994,6,1994.4583,360.94,358.57,27,0.3,0.11,,,,,,,359.3466667,,,,,,,,,
1994,7,1994.5417,359.51,358.91,31,0.41,0.14,,,,,,,,,,,,,,,,
1994,8,1994.625,357.59,359.29,24,0.43,0.17,,,,,,,,,,,,,,,,
1994,9,1994.7083,355.86,359.3,24,0.58,0.23,,,,,,,,356.5733333,,,,,,,,
1994,10,1994.7917,356.21,359.63,28,0.28,0.1,,,,,,,,,,,,,,,,
1994,11,1994.875,357.65,359.8,28,0.51,0.18,,,,,,,,,,,,,,,,
1994,12,1994.9583,359.1,359.96,28,0.46,0.17,,,,,,,,,360.0466667,,,,,,,
1995,1,1995.0417,360.04,359.91,30,0.47,0.16,,,,,,,,,,,,,,,,
1995,2,1995.125,361,360.18,28,0.52,0.19,,,,,,,,,,,,,,,,
1995,3,1995.2083,361.98,360.37,29,0.78,0.28,,,,,,363.0833333,,,,,,,,,,
1995,4,1995.2917,363.44,360.76,29,0.65,0.23,,,,,,,,,,,,,,,,
1995,5,1995.375,363.83,360.73,29,0.66,0.24,,,,,,,,,,,,,,,,
1995,6,1995.4583,363.33,360.98,27,0.37,0.14,,,,,,,361.48,,,,,,,,,
1995,7,1995.5417,361.78,361.1,28,0.36,0.13,,,,,,,,,,,,,,,,
1995,8,1995.625,359.33,360.93,24,0.7,0.28,,,,,,,,,,,,,,,,
1995,9,1995.7083,358.32,361.71,24,0.68,0.26,,,,,,,,358.69,,,,,,,,
1995,10,1995.7917,358.14,361.52,29,0.26,0.09,,,,,,,,,,,,,,,,
1995,11,1995.875,359.61,361.75,26,0.24,0.09,,,,,,,,,,,,,,,,
1995,12,1995.9583,360.82,361.67,30,0.36,0.12,,,,,,,,,362.1266667,,,,,,,
1996,1,1996.0417,362.2,361.98,29,0.38,0.13,,,,,,,,,,,,,,,,
1996,2,1996.125,363.36,362.47,28,0.55,0.2,,,,,,,,,,,,,,,,
1996,3,1996.2083,364.28,362.65,28,0.67,0.24,,,,,,364.74,,,,,,,,,,
1996,4,1996.2917,364.69,361.99,29,0.59,0.21,,,,,,,,,,,,,,,,
1996,5,1996.375,365.25,362.23,30,0.57,0.2,,,,,,,,,,,,,,,,
1996,6,1996.4583,365.06,362.82,30,0.38,0.13,,,,,,,363.4333333,,,,,,,,,
1996,7,1996.5417,363.69,362.98,31,0.32,0.11,,,,,,,,,,,,,,,,
1996,8,1996.625,361.55,363.13,27,0.49,0.18,,,,,,,,,,,,,,,,
1996,9,1996.7083,359.69,363.14,25,0.75,0.29,,,,,,,,360.15,,,,,,,,
1996,10,1996.7917,359.72,363.12,29,0.32,0.11,,,,,,,,,,,,,,,,
1996,11,1996.875,361.04,363.18,29,0.29,0.1,,,,,,,,,,,,,,,,
1996,12,1996.9583,362.39,363.23,29,0.36,0.13,,,,,,,,,363.28,,,,,,,
1997,1,1997.0417,363.24,363.03,31,0.4,0.14,,,,,,,,,,,,,,,,
1997,2,1997.125,364.21,363.4,28,0.62,0.22,,,,,,,,,,,,,,,,
1997,3,1997.2083,364.65,363.02,31,0.4,0.14,,,,,,365.97,,,,,,,,,,
1997,4,1997.2917,366.49,363.82,21,0.46,0.19,,,,,,,,,,,,,,,,
1997,5,1997.375,366.77,363.87,29,0.53,0.19,,,,,,,,,,,,,,,,
1997,6,1997.4583,365.73,363.56,27,0.23,0.09,,,,,,,364.1966667,,,,,,,,,
1997,7,1997.5417,364.46,363.74,24,0.47,0.18,,,,,,,,,,,,,,,,
1997,8,1997.625,362.4,363.98,25,0.57,0.22,,,,,,,,,,,,,,,,
1997,9,1997.7083,360.44,363.83,26,0.63,0.24,,,,,,,,361.3566667,,,,,,,,
1997,10,1997.7917,360.98,364.28,27,0.32,0.12,,,,,,,,,,,,,,,,
1997,11,1997.875,362.65,364.71,30,0.31,0.11,,,,,,,,,,,,,,,,
1997,12,1997.9583,364.51,365.28,30,0.41,0.14,,,,,,,,,365.3333333,,,,,,,
1998,1,1998.0417,365.39,365.19,30,0.43,0.15,,,,,,,,,,,,,,,,
1998,2,1998.125,366.1,365.29,28,0.62,0.23,,,,,,,,,,,,,,,,
1998,3,1998.2083,367.36,365.73,31,0.82,0.28,,,,,,368.57,,,,,,,,,,
1998,4,1998.2917,368.79,366.17,29,0.63,0.22,,,,,,,,,,,,,,,,
1998,5,1998.375,369.56,366.68,30,0.77,0.27,,,,,,,,,,,,,,,,
1998,6,1998.4583,369.13,366.95,28,0.24,0.09,,,,,,,367.7366667,,,,,,,,,
1998,7,1998.5417,367.98,367.29,23,0.65,0.26,,,,,,,,,,,,,,,,
1998,8,1998.625,366.1,367.69,30,0.3,0.1,,,,,,,,,,,,,,,,
1998,9,1998.7083,364.16,367.51,28,0.4,0.14,,,,,,,,364.79,,,,,,,,
1998,10,1998.7917,364.54,367.82,30,0.26,0.09,,,,,,,,,,,,,,,,
1998,11,1998.875,365.67,367.7,23,0.25,0.1,,,,,,,,,,,,,,,,
1998,12,1998.9583,367.3,368.05,26,0.36,0.14,,,,,,,,,368.31,,,,,,,
1999,1,1999.0417,368.35,368.13,27,0.47,0.17,,,,,,,,,,,,,,,,
1999,2,1999.125,369.28,368.46,21,0.47,0.2,,,,,,,,,,,,,,,,
1999,3,1999.2083,369.84,368.24,25,0.81,0.31,,,,,,370.7033333,,,,,,,,,,
1999,4,1999.2917,371.15,368.62,29,0.67,0.24,,,,,,,,,,,,,,,,
1999,5,1999.375,371.12,368.31,26,0.59,0.22,,,,,,,,,,,,,,,,
1999,6,1999.4583,370.46,368.3,26,0.44,0.16,,,,,,,369.0433333,,,,,,,,,
1999,7,1999.5417,369.61,368.93,27,0.63,0.23,,,,,,,,,,,,,,,,
1999,8,1999.625,367.06,368.63,25,0.38,0.14,,,,,,,,,,,,,,,,
1999,9,1999.7083,364.95,368.28,28,0.74,0.27,,,,,,,,365.7833333,,,,,,,,
1999,10,1999.7917,365.52,368.8,31,0.28,0.1,,,,,,,,,,,,,,,,
1999,11,1999.875,366.88,368.86,28,0.25,0.09,,,,,,,,,,,,,,,,
1999,12,1999.9583,368.26,368.93,26,0.29,0.11,,,,,,,,,369.14,,,,,,,
2000,1,2000.0417,369.45,369.24,26,0.48,0.18,,,,,,,,,,,,,,,,
2000,2,2000.125,369.71,368.98,19,0.48,0.21,,,,,,,,,,,,,,,,
2000,3,2000.2083,370.75,369.24,30,0.47,0.16,,,,,,371.4933333,,,,,,,,,,
2000,4,2000.2917,371.98,369.44,27,0.58,0.21,,,,,,,,,,,,,,,,
2000,5,2000.375,371.75,368.87,28,0.53,0.19,,,,,,,,,,,,,,,,
2000,6,2000.4583,371.87,369.66,28,0.24,0.09,,,,,,,370.0533333,,,,,,,,,
2000,7,2000.5417,370.02,369.36,25,0.31,0.12,,,,,,,,,,,,,,,,
2000,8,2000.625,368.27,369.87,27,0.42,0.15,,,,,,,,,,,,,,,,
2000,9,2000.7083,367.15,370.46,25,0.36,0.14,,,,,,,,367.62,,,,,,,,
2000,10,2000.7917,367.18,370.42,30,0.27,0.09,,,,,,,,,,,,,,,,
2000,11,2000.875,368.53,370.48,25,0.3,0.12,,,,,,,,,,,,,,,,
2000,12,2000.9583,369.83,370.46,30,0.38,0.13,,,,,,,,,370.76,,,,,,,
2001,1,2001.0417,370.76,370.6,30,0.56,0.2,,,,,,,,,,,,,,,,
2001,2,2001.125,371.69,370.95,26,0.61,0.23,,,,,,,,,,,,,,,,
2001,3,2001.2083,372.63,371.06,26,0.46,0.17,,,,,,373.4033333,,,,,,,,,,
2001,4,2001.2917,373.55,370.99,29,0.56,0.2,,,,,,,,,,,,,,,,
2001,5,2001.375,374.03,371.11,24,0.41,0.16,,,,,,,,,,,,,,,,
2001,6,2001.4583,373.4,371.17,26,0.37,0.14,,,,,,,371.62,,,,,,,,,
2001,7,2001.5417,371.68,371.08,25,0.62,0.24,,,,,,,,,,,,,,,,
2001,8,2001.625,369.78,371.39,27,0.6,0.22,,,,,,,,,,,,,,,,
2001,9,2001.7083,368.34,371.61,28,0.49,0.18,,,,,,,,368.9633333,,,,,,,,
2001,10,2001.7917,368.61,371.85,31,0.33,0.11,,,,,,,,,,,,,,,,
2001,11,2001.875,369.94,371.92,24,0.24,0.09,,,,,,,,,,,,,,,,
2001,12,2001.9583,371.42,372.09,29,0.4,0.14,,,,,,,,,372.4966667,,,,,,,
2002,1,2002.0417,372.7,372.48,28,0.52,0.19,,,,,,,,,,,,,,,,
2002,2,2002.125,373.37,372.49,28,0.66,0.24,,,,,,,,,,,,,,,,
2002,3,2002.2083,374.3,372.61,24,0.62,0.24,,,,,,375.14,,,,,,,,,,
2002,4,2002.2917,375.19,372.54,29,0.55,0.19,,,,,,,,,,,,,,,,
2002,5,2002.375,375.93,372.98,29,0.57,0.2,,,,,,,,,,,,,,,,
2002,6,2002.4583,375.69,373.46,28,0.46,0.17,,,,,,,373.96,,,,,,,,,
2002,7,2002.5417,374.16,373.58,25,0.47,0.18,,,,,,,,,,,,,,,,
2002,8,2002.625,372.03,373.7,28,0.65,0.24,,,,,,,,,,,,,,,,
2002,9,2002.7083,370.93,374.29,23,0.74,0.3,,,,,,,,371.3633333,,,,,,,,
2002,10,2002.7917,370.73,374.06,31,0.62,0.21,,,,,,,,,,,,,,,,
2002,11,2002.875,372.43,374.52,29,0.43,0.15,,,,,,,,,,,,,,,,
2002,12,2002.9583,373.98,374.72,31,0.46,0.16,,,,,,,,,374.9566667,,,,,,,
2003,1,2003.0417,375.07,374.82,30,0.51,0.18,,,,,,,,,,,,,,,,
2003,2,2003.125,375.82,374.95,27,0.58,0.21,,,,,,,,,,,,,,,,
2003,3,2003.2083,376.64,374.99,28,0.63,0.23,,,,,,377.78,,,,,,,,,,
2003,4,2003.2917,377.92,375.24,27,0.37,0.14,,,,,,,,,,,,,,,,
2003,5,2003.375,378.78,375.73,30,0.78,0.27,,,,,,,,,,,,,,,,
2003,6,2003.4583,378.46,376.21,25,0.39,0.15,,,,,,,376.6366667,,,,,,,,,
2003,7,2003.5417,376.88,376.37,29,0.7,0.25,,,,,,,,,,,,,,,,
2003,8,2003.625,374.57,376.27,23,0.57,0.23,,,,,,,,,,,,,,,,
2003,9,2003.7083,373.34,376.65,25,0.37,0.14,,,,,,,,373.83,,,,,,,,
2003,10,2003.7917,373.31,376.65,30,0.33,0.12,,,,,,,,,,,,,,,,
2003,11,2003.875,374.84,376.99,26,0.45,0.17,,,,,,,,,,,,,,,,
2003,12,2003.9583,376.17,376.93,27,0.4,0.15,,,,,,,,,377.13,,,,,,,
2004,1,2004.0417,377.17,376.96,30,0.45,0.16,,,,,,,,,,,,,,,,
2004,2,2004.125,378.05,377.19,29,0.74,0.26,,,,,,,,,,,,,,,,
2004,3,2004.2083,379.06,377.4,27,0.84,0.31,,,,,,380.1333333,,,,,,,,,,
2004,4,2004.2917,380.54,377.8,26,0.52,0.19,,,,,,,,,,,,,,,,
2004,5,2004.375,380.8,377.66,28,0.61,0.22,,,,,,,,,,,,,,,,
2004,6,2004.4583,379.87,377.57,21,0.47,0.19,,,,,,,377.8966667,,,,,,,,,
2004,7,2004.5417,377.65,377.12,25,0.5,0.19,,,,,,,,,,,,,,,,
2004,8,2004.625,376.17,377.9,16,0.45,0.21,,,,,,,,,,,,,,,,
2004,9,2004.7083,374.43,377.8,15,0.56,0.28,,,,,,,,375.13,,,,,,,,
2004,10,2004.7917,374.63,378,29,0.19,0.07,,,,,,,,,,,,,,,,
2004,11,2004.875,376.33,378.49,29,0.62,0.22,,,,,,,,,,,,,,,,
2004,12,2004.9583,377.68,378.48,30,0.29,0.1,,,,,,,,,378.74,,,,,,,
2005,1,2005.0417,378.63,378.37,31,0.32,0.11,,,,,,,,,,,,,,,,
2005,2,2005.125,379.91,379.1,24,0.6,0.24,,,,,,,,,,,,,,,,
2005,3,2005.2083,380.95,379.45,26,1.16,0.44,,,,,,382.0233333,,,,,,,,,,
2005,4,2005.2917,382.48,379.84,26,0.53,0.2,,,,,,,,,,,,,,,,
2005,5,2005.375,382.64,379.49,31,0.61,0.21,,,,,,,,,,,,,,,,
2005,6,2005.4583,382.4,380.07,28,0.21,0.08,,,,,,,380.7533333,,,,,,,,,
2005,7,2005.5417,380.93,380.38,29,0.38,0.13,,,,,,,,,,,,,,,,
2005,8,2005.625,378.93,380.61,26,0.53,0.2,,,,,,,,,,,,,,,,
2005,9,2005.7083,376.89,380.2,27,0.51,0.19,,,,,,,,377.54,,,,,,,,
2005,10,2005.7917,377.19,380.5,14,0.15,0.08,,,,,,,,,,,,,,,,
2005,11,2005.875,378.54,380.69,23,0.45,0.18,,,,,,,,,,,,,,,,
2005,12,2005.9583,380.31,381.09,26,0.39,0.15,,,,,,,,,381.43,,,,,,,
2006,1,2006.0417,381.58,381.33,24,0.31,0.12,,,,,,,,,,,,,,,,
2006,2,2006.125,382.4,381.58,25,0.51,0.2,,,,,,,,,,,,,,,,
2006,3,2006.2083,382.86,381.32,29,0.55,0.2,,,,,,384.2933333,,,,,,,,,,
2006,4,2006.2917,384.8,382.11,25,0.49,0.19,,,,,,,,,,,,,,,,
2006,5,2006.375,385.22,382.06,24,0.45,0.17,,,,,,,,,,,,,,,,
2006,6,2006.4583,384.24,381.93,28,0.43,0.16,,,,,,,382.4966667,,,,,,,,,
2006,7,2006.5417,382.65,382.1,24,0.32,0.12,,,,,,,,,,,,,,,,
2006,8,2006.625,380.6,382.27,27,0.47,0.17,,,,,,,,,,,,,,,,
2006,9,2006.7083,379.04,382.35,25,0.42,0.16,,,,,,,,379.5733333,,,,,,,,
2006,10,2006.7917,379.33,382.66,23,0.4,0.16,,,,,,,,,,,,,,,,
2006,11,2006.875,380.35,382.52,29,0.39,0.14,,,,,,,,,,,,,,,,
2006,12,2006.9583,382.02,382.84,27,0.38,0.14,,,,,,,,,383.08,,,,,,,
2007,1,2007.0417,383.1,382.88,24,0.76,0.3,,,,,,,,,,,,,,,,
2007,2,2007.125,384.12,383.22,21,0.81,0.34,,,,,,,,,,,,,,,,
2007,3,2007.2083,384.81,383.17,27,0.63,0.23,,,,,,386.1066667,,,,,,,,,,
2007,4,2007.2917,386.73,383.95,25,0.76,0.29,,,,,,,,,,,,,,,,
2007,5,2007.375,386.78,383.56,29,0.64,0.23,,,,,,,,,,,,,,,,
2007,6,2007.4583,386.33,384.06,26,0.42,0.16,,,,,,,384.4333333,,,,,,,,,
2007,7,2007.5417,384.73,384.25,27,0.44,0.16,,,,,,,,,,,,,,,,
2007,8,2007.625,382.24,383.95,22,0.64,0.26,,,,,,,,,,,,,,,,
2007,9,2007.7083,381.2,384.56,21,0.45,0.19,,,,,,,,381.7566667,,,,,,,,
2007,10,2007.7917,381.37,384.72,29,0.19,0.07,,,,,,,,,,,,,,,,
2007,11,2007.875,382.7,384.9,30,0.31,0.11,,,,,,,,,,,,,,,,
2007,12,2007.9583,384.19,385.07,22,0.34,0.14,,,,,,,,,385.3433333,,,,,,,
2008,1,2008.0417,385.78,385.54,31,0.56,0.19,,,,,,,,,,,,,,,,
2008,2,2008.125,386.06,385.2,26,0.58,0.22,,,,,,,,,,,,,,,,
2008,3,2008.2083,386.28,384.72,30,0.6,0.21,,,,,,387.4633333,,,,,,,,,,
2008,4,2008.2917,387.33,384.71,22,1.19,0.49,,,,,,,,,,,,,,,,
2008,5,2008.375,388.78,385.69,25,0.57,0.22,,,,,,,,,,,,,,,,
2008,6,2008.4583,387.99,385.68,23,0.49,0.2,,,,,,,386.3066667,,,,,,,,,
2008,7,2008.5417,386.61,386.04,10,0.96,0.58,,,,,,,,,,,,,,,,
2008,8,2008.625,384.32,385.98,25,0.66,0.25,,,,,,,,,,,,,,,,
2008,9,2008.7083,383.41,386.68,27,0.34,0.12,,,,,,,,383.6766667,,,,,,,,
2008,10,2008.7917,383.21,386.49,23,0.27,0.11,,,,,,,,,,,,,,,,
2008,11,2008.875,384.41,386.59,28,0.29,0.11,,,,,,,,,,,,,,,,
2008,12,2008.9583,385.79,386.64,29,0.27,0.1,,,,,,,,,386.8866667,,,,,,,
2009,1,2009.0417,387.17,386.86,30,0.38,0.13,,,,,,,,,,,,,,,,
2009,2,2009.125,387.7,386.81,26,0.49,0.18,,,,,,,,,,,,,,,,
2009,3,2009.2083,389.04,387.54,28,0.68,0.25,,,,,,389.72,,,,,,,,,,
2009,4,2009.2917,389.76,387.15,29,0.85,0.3,,,,,,,,,,,,,,,,
2009,5,2009.375,390.36,387.24,30,0.51,0.18,,,,,,,,,,,,,,,,
2009,6,2009.4583,389.7,387.46,29,0.6,0.21,,,,,,,388.08,,,,,,,,,
2009,7,2009.5417,388.25,387.77,22,0.31,0.13,,,,,,,,,,,,,,,,
2009,8,2009.625,386.29,387.99,28,0.62,0.22,,,,,,,,,,,,,,,,
2009,9,2009.7083,384.95,388.22,28,0.56,0.2,,,,,,,,385.2733333,,,,,,,,
2009,10,2009.7917,384.64,387.88,30,0.31,0.11,,,,,,,,,,,,,,,,
2009,11,2009.875,386.23,388.36,30,0.29,0.1,,,,,,,,,,,,,,,,
2009,12,2009.9583,387.63,388.43,20,0.47,0.2,,,,,,,,,388.9833333,,,,,,,
2010,1,2010.0417,388.91,388.62,30,0.92,0.32,,,,,,,,,,,,,,,,
2010,2,2010.125,390.41,389.47,20,1.31,0.56,,,,,,,,,,,,,,,,
2010,3,2010.2083,391.37,389.85,25,1.05,0.4,,,,,,392.4166667,,,,,,,,,,
2010,4,2010.2917,392.67,390.12,26,0.65,0.24,,,,,,,,,,,,,,,,
2010,5,2010.375,393.21,390.09,29,0.65,0.23,,,,,,,,,,,,,,,,
2010,6,2010.4583,392.38,390.1,28,0.42,0.15,,,,,,,390.4433333,,,,,,,,,
2010,7,2010.5417,390.41,389.93,29,0.47,0.17,,,,,,,,,,,,,,,,
2010,8,2010.625,388.54,390.21,26,0.41,0.16,,,,,,,,,,,,,,,,
2010,9,2010.7083,387.03,390.32,29,0.55,0.19,,,,,,,,387.7766667,,,,,,,,
2010,10,2010.7917,387.43,390.72,31,0.27,0.09,,,,,,,,,,,,,,,,
2010,11,2010.875,388.87,390.99,29,0.42,0.15,,,,,,,,,,,,,,,,
2010,12,2010.9583,389.99,390.8,29,0.47,0.17,,,,,,,,,391.18,,,,,,,
2011,1,2011.0417,391.5,391.2,29,0.88,0.31,,,,,,,,,,,,,,,,
2011,2,2011.125,392.05,391.12,28,0.47,0.17,,,,,,,,,,,,,,,,
2011,3,2011.2083,392.8,391.28,29,0.97,0.35,,,,,,393.55,,,,,,,,,,
2011,4,2011.2917,393.44,390.84,28,0.73,0.26,,,,,,,,,,,,,,,,
2011,5,2011.375,394.41,391.24,29,0.93,0.33,,,,,,,,,,,,,,,,
2011,6,2011.4583,393.95,391.65,28,0.45,0.16,,,,,,,392.3333333,,,,,,,,,
2011,7,2011.5417,392.72,392.24,26,0.71,0.26,,,,,,,,,,,,,,,,
2011,8,2011.625,390.33,392.03,27,0.42,0.15,,,,,,,,,,,,,,,,
2011,9,2011.7083,389.28,392.6,26,0.31,0.12,,,,,,,,389.65,,,,,,,,
2011,10,2011.7917,389.19,392.52,30,0.17,0.06,,,,,,,,,,,,,,,,
2011,11,2011.875,390.48,392.63,28,0.26,0.1,,,,,,,,,,,,,,,,
2011,12,2011.9583,392.06,392.86,26,0.37,0.14,,,,,,,,,393.1366667,,,,,,,
2012,1,2012.0417,393.31,393.08,30,0.77,0.27,,,,,,,,,,,,,,,,
2012,2,2012.125,394.04,393.21,26,1.19,0.45,,,,,,,,,,,,,,,,
2012,3,2012.2083,394.59,393,30,0.63,0.22,,,,,,395.9666667,,,,,,,,,,
2012,4,2012.2917,396.38,393.65,29,0.59,0.21,,,,,,,,,,,,,,,,
2012,5,2012.375,396.93,393.73,30,0.5,0.17,,,,,,,,,,,,,,,,
2012,6,2012.4583,395.91,393.64,28,0.59,0.21,,,,,,,394.3533333,,,,,,,,,
2012,7,2012.5417,394.56,394.12,26,0.3,0.11,,,,,,,,,,,,,,,,
2012,8,2012.625,392.59,394.36,30,0.52,0.18,,,,,,,,,,,,,,,,
2012,9,2012.7083,391.32,394.74,26,0.42,0.16,,,,,,,,391.93,,,,,,,,
2012,10,2012.7917,391.27,394.63,28,0.23,0.08,,,,,,,,,,,,,,,,
2012,11,2012.875,393.2,395.24,29,0.53,0.19,,,,,,,,,,,,,,,,
2012,12,2012.9583,394.57,395.27,29,0.44,0.16,,,,,,,,,395.7933333,,,,,,,
2013,1,2013.0417,395.78,395.63,28,0.6,0.22,,,,,,,,,,,,,,,,
2013,2,2013.125,397.03,396.24,25,0.57,0.22,,,,,,,,,,,,,,,,
2013,3,2013.2083,397.66,396.08,30,0.71,0.25,,,,,,398.7733333,,,,,,,,,,
2013,4,2013.2917,398.64,395.8,22,0.59,0.24,,,,,,,,,,,,,,,,
2013,5,2013.375,400.02,396.65,28,0.37,0.13,,,,,,,,,,,,,,,,
2013,6,2013.4583,398.81,396.48,26,0.43,0.16,,,,,,,397.2366667,,,,,,,,,
2013,7,2013.5417,397.51,397.12,21,0.52,0.22,,,,,,,,,,,,,,,,
2013,8,2013.625,395.39,397.26,27,0.45,0.16,,,,,,,,,,,,,,,,
2013,9,2013.7083,393.72,397.24,26,0.35,0.13,,,,,,,,394.3266667,,,,,,,,
2013,10,2013.7917,393.9,397.24,28,0.16,0.06,,,,,,,,,,,,,,,,
2013,11,2013.875,395.36,397.34,30,0.6,0.21,,,,,,,,,,,,,,,,
2013,12,2013.9583,397.03,397.78,30,0.48,0.17,,,,,,,,,397.78,,,,,,,
2014,1,2014.0417,398.04,397.74,31,0.49,0.17,,,,,,,,,,,,,,,,
2014,2,2014.125,398.27,397.46,27,0.51,0.19,,,,,,,,,,,,,,,,
2014,3,2014.2083,399.91,398.38,22,0.84,0.34,,,,,,401.1266667,,,,,,,,,,
2014,4,2014.2917,401.51,398.64,26,0.5,0.19,,,,,,,,,,,,,,,,
2014,5,2014.375,401.96,398.57,22,0.51,0.21,,,,,,,,,,,,,,,,
2014,6,2014.4583,401.43,399.11,28,0.36,0.13,,,,,,,399.3766667,,,,,,,,,
2014,7,2014.5417,399.38,398.95,25,0.56,0.21,,,,,,,,,,,,,,,,
2014,8,2014.625,397.32,399.2,21,0.22,0.09,,,,,,,,,,,,,,,,
2014,9,2014.7083,395.64,399.2,21,0.56,0.24,,,,,,,,396.4933333,,,,,,,,
2014,10,2014.7917,396.29,399.69,24,0.75,0.29,,,,,,,,,,,,,,,,
2014,11,2014.875,397.55,399.63,27,0.38,0.14,,,,,,,,,,,,,,,,
2014,12,2014.9583,399.15,399.88,29,0.61,0.22,,,,,,,,,399.96,,,,,,,
2015,1,2015.0417,400.18,399.92,30,0.55,0.19,,,,,,,,,,,,,,,,
2015,2,2015.125,400.55,399.78,28,0.63,0.23,,,,,,,,,,,,,,,,
2015,3,2015.2083,401.74,400.23,24,1.02,0.4,,,,,,403.08,,,,,,,,,,
2015,4,2015.2917,403.35,400.47,26,0.86,0.32,,,,,,,,,,,,,,,,
2015,5,2015.375,404.15,400.71,30,0.32,0.11,,,,,,,,,,,,,,,,
2015,6,2015.4583,402.97,400.66,29,0.47,0.17,,,,,,,401.18,,,,,,,,,
2015,7,2015.5417,401.46,401.1,24,0.57,0.22,,,,,,,,,,,,,,,,
2015,8,2015.625,399.11,401.03,28,0.74,0.27,,,,,,,,,,,,,,,,
2015,9,2015.7083,397.82,401.43,25,0.32,0.12,,,,,,,,398.86,,,,,,,,
2015,10,2015.7917,398.49,401.88,28,0.56,0.2,,,,,,,,,,,,,,,,
2015,11,2015.875,400.27,402.22,25,0.58,0.22,,,,,,,,,,,,,,,,
2015,12,2015.9583,402.06,402.72,30,0.67,0.23,,,,,,,,,403.0133333,,,,,,,
2016,1,2016.0417,402.73,402.46,27,0.56,0.21,,,,,,,,,,,,,,,,
2016,2,2016.125,404.25,403.41,25,1.11,0.43,,,,,,,,,,,,,,,,
2016,3,2016.2083,405.06,403.55,28,0.81,0.29,,,,,,406.8533333,,,,,,,,,,
2016,4,2016.2917,407.6,404.78,23,1.04,0.41,,,,,,,,,,,,,,,,
2016,5,2016.375,407.9,404.42,29,0.5,0.18,,,,,,,,,,,,,,,,
2016,6,2016.4583,406.99,404.59,26,0.6,0.23,,,,,,,404.6766667,,,,,,,,,
2016,7,2016.5417,404.59,404.23,28,0.88,0.32,,,,,,,,,,,,,,,,
2016,8,2016.625,402.45,404.4,24,0.6,0.23,,,,,,,,,,,,,,,,
2016,9,2016.7083,401.23,404.85,25,0.44,0.17,,,,,,,,402.2466667,,,,,,,,
2016,10,2016.7917,401.79,405.22,29,0.3,0.11,,,,,,,,,,,,,,,,
2016,11,2016.875,403.72,405.73,27,0.72,0.26,,,,,,,,,,,,,,,,
2016,12,2016.9583,404.64,405.33,29,0.44,0.16,,,,,,,,,405.8866667,,,,,,,
2017,1,2017.0417,406.36,406.05,27,0.68,0.25,,,,,,,,,,,,,,,,
2017,2,2017.125,406.66,405.82,26,0.71,0.27,,,,,,,,,,,,,,,,
2017,3,2017.2083,407.53,406.06,24,1.03,0.4,,,,,,408.88,,,,,,,,,,
2017,4,2017.2917,409.22,406.38,26,0.86,0.32,,,,,,,,,,,,,,,,
2017,5,2017.375,409.89,406.38,27,0.57,0.21,,,,,,,,,,,,,,,,
2017,6,2017.4583,409.08,406.69,26,0.54,0.2,,,,,,,407.2433333,,,,,,,,,
2017,7,2017.5417,407.33,407,28,0.61,0.22,,,,,,,,,,,,,,,,
2017,8,2017.625,405.32,407.29,29,0.32,0.12,,,,,,,,,,,,,,,,
2017,9,2017.7083,403.57,407.16,26,0.37,0.14,,,,,,,,404.2333333,,,,,,,,
2017,10,2017.7917,403.82,407.21,27,0.3,0.11,,,,,,,,,,,,,,,,
2017,11,2017.875,405.31,407.34,26,0.41,0.15,,,,,,,,,,,,,,,,
2017,12,2017.9583,407,407.71,31,0.57,0.2,,,,,,,,,407.89,,,,,,,
2018,1,2018.0417,408.15,407.88,29,0.55,0.19,,,,,,,,,,,,,,,,
2018,2,2018.125,408.52,407.71,28,0.52,0.19,,,,,,,,,,,,,,,,
2018,3,2018.2083,409.59,408.08,29,0.65,0.23,,,,,,410.4933333,,,,,,,,,,
2018,4,2018.2917,410.45,407.64,21,0.9,0.38,,,,,,,,,,,,,,,,
2018,5,2018.375,411.44,408.03,24,0.86,0.33,,,,,,,,,,,,,,,,
2018,6,2018.4583,410.99,408.61,29,0.61,0.22,,,,,,,409.0166667,,,,,,,,,
2018,7,2018.5417,408.9,408.5,27,0.46,0.17,,,,,,,,,,,,,,,,
2018,8,2018.625,407.16,409.07,31,0.28,0.1,,,,,,,,,,,,,,,,
2018,9,2018.7083,405.71,409.27,29,0.45,0.16,,,,,,,,406.7033333,,,,,,,,
2018,10,2018.7917,406.19,409.58,30,0.32,0.11,,,,,,,,,,,,,,,,
2018,11,2018.875,408.21,410.24,24,0.56,0.22,,,,,,,,,,,,,,,,
2018,12,2018.9583,409.27,409.98,30,0.5,0.17,,,,,,,,,410.7533333,,,,,,,
2019,1,2019.0417,411.03,410.77,26,1.26,0.47,,,,,,,,,,,,,,,,
2019,2,2019.125,411.96,411.15,27,1.14,0.42,,,,,,,,,,,,,,,,
2019,3,2019.2083,412.18,410.67,28,1.12,0.4,,,,,,413.5266667,,,,,,,,,,
2019,4,2019.2917,413.54,410.74,27,0.6,0.22,,,,,,,,,,,,,,,,
2019,5,2019.375,414.86,411.45,28,0.5,0.18,,,,,,,,,,,,,,,,
2019,6,2019.4583,414.16,411.78,27,0.36,0.13,,,,,,,412.1033333,,,,,,,,,
2019,7,2019.5417,411.97,411.57,25,0.82,0.31,,,,,,,,,,,,,,,,
2019,8,2019.625,410.18,412.09,29,0.33,0.12,,,,,,,,,,,,,,,,
2019,9,2019.7083,408.76,412.32,30,0.38,0.13,,,,,,,,409.33,,,,,,,,
2019,10,2019.7917,408.75,412.14,29,0.31,0.11,,,,,,,,,,,,,,,,
2019,11,2019.875,410.48,412.5,26,0.4,0.15,,,,,,,,,,,,,,,,
2019,12,2019.9583,411.98,412.69,31,0.4,0.14,,,,,,,,,413.31,,,,,,,
2020,1,2020.0417,413.61,413.34,29,0.73,0.26,,,,,,,,,,,,,,,,
2020,2,2020.125,414.34,413.52,28,0.69,0.25,,,,,,,,,,,,,,,,
2020,3,2020.2083,414.74,413.23,26,0.33,0.12,,,,,,416.1666667,,,,,,,,,,
2020,4,2020.2917,416.45,413.64,28,0.66,0.24,,,,,,,,,,,,,,,,
2020,5,2020.375,417.31,413.9,27,0.61,0.23,,,,,,,,,,,,,,,,
2020,6,2020.4583,416.6,414.22,27,0.44,0.16,,,,,,,414.6666667,,,,,,,,,
2020,7,2020.5417,414.62,414.22,30,0.55,0.19,,,,,,,,,,,,,,,,
2020,8,2020.625,412.78,414.69,25,0.25,0.1,,,,,,,,,,,,,,,,
2020,9,2020.7083,411.52,415.08,29,0.31,0.11,,,,,,,,412.05,,,,,,,,
2020,10,2020.7917,411.51,414.89,30,0.22,0.08,,,,,,,,,,,,,,,,
2020,11,2020.875,413.12,415.15,27,0.81,0.3,,,,,,,,,,,,,,,,
2020,12,2020.9583,414.26,414.96,30,0.47,0.17,,,,,,,,,415.51,,,,,,,
2021,1,2021.0417,415.52,415.25,29,0.44,0.16,,,,,,,,,,,,,,,,
2021,2,2021.125,416.75,415.94,28,1.02,0.37,,,,,,,,,,,,,,,,
2021,3,2021.2083,417.64,416.14,28,0.86,0.31,,,,,,418.6066667,,,,,,,,,,
2021,4,2021.2917,419.05,416.24,24,1.12,0.44,,,,,,,,,,,,,,,,
2021,5,2021.375,419.13,415.71,28,0.9,0.33,,,,,,,,,,,,,,,,
2021,6,2021.4583,418.94,416.56,28,0.65,0.23,,,,,,,418.94,,,,,,,,,
,,,,,,,,,,,,,,,,,,,,,,,
,,,,,,,,,,,,,,,,,,,,,,,
,,,,,,,,,,,,,,,,,,,,,,,
,,,,,,,,,,,,,,,,,,,,,,,
,,,,,,,,,,,,spring,summer,autumn,winter,,,,,,,,
,,,,,,,,,,,1958,316.8866667,316.01,312.9866667,315.5766667,,,,,,,,
,,,,,,,,,,,1959,317.5533333,316.4966667,313.9933333,316.33,,,,,concentration,summer ,autumn,winter
,,,,,,,,,,,1960,318.8833333,317.89,314.3333333,316.9266667,,,,1958,316.8866667,0,0,0
,,,,,,,,,,,1961,319.5333333,318.3766667,315.4666667,317.8333333,,,,1958,316.01,1,0,0
,,,,,,,,,,,1962,320.4233333,319.21,316.12,318.5033333,,,,1958,312.9866667,0,1,0
,,,,,,,,,,,1963,321.1633333,319.6633333,316.4233333,319.31,,,,1958,315.5766667,0,0,1
,,,,,,,,,,,1964,321.6133333,320.34,317.0833333,319.53,,,,,317.5533333,0,0,0
,,,,,,,,,,,1965,321.7333333,320.65,317.9933333,320.5466667,,,,,316.4966667,1,0,0
,,,,,,,,,,,1966,323.39,322.1633333,318.84,321.9533333,,,,,313.9933333,0,1,0
,,,,,,,,,,,1967,324.1533333,322.5166667,319.79,322.56,,,,,316.33,0,0,1
,,,,,,,,,,,1968,324.8266667,323.87,320.6333333,323.77,,,,,318.8833333,0,0,0
,,,,,,,,,,,1969,326.5566667,325.4166667,322.34,325.0533333,,,,,317.89,1,0,0
,,,,,,,,,,,1970,327.7133333,326.2333333,323.39,325.9933333,,,,,314.3333333,0,1,0
,,,,,,,,,,,1971,327.9633333,327.12,323.9066667,326.8033333,,,,,316.9266667,0,0,1
,,,,,,,,,,,1972,329.18,327.8166667,325.5133333,328.5533333,,,,,319.5333333,0,0,0
,,,,,,,,,,,1973,331.4266667,330.75,327.6166667,329.5666667,,,,,318.3766667,1,0,0
,,,,,,,,,,,1974,332.44,330.8066667,327.64,330.59,,,,,315.4666667,0,1,0
,,,,,,,,,,,1975,333,331.78,328.7466667,331.64,,,,,317.8333333,0,0,1
,,,,,,,,,,,1976,334.2733333,332.58,329.28,332.49,,,,,320.4233333,0,0,0
,,,,,,,,,,,1977,336.01,334.5366667,331.6766667,334.6,,,,,319.21,1,0,0
,,,,,,,,,,,1978,337.4566667,336.31,332.8566667,335.9133333,,,,,316.12,0,1,0
,,,,,,,,,,,1979,338.7766667,337.5066667,334.5133333,337.6833333,,,,,318.5033333,0,0,1
,,,,,,,,,,,1980,340.8166667,339.4933333,336.5633333,339.3766667,,,,,321.1633333,0,0,0
,,,,,,,,,,,1981,342.4233333,340.6133333,337.5266667,340.8666667,,,,,319.6633333,1,0,0
,,,,,,,,,,,1982,343.8366667,342.18,338.7433333,341.71,,,,,316.4233333,0,1,0
,,,,,,,,,,,1983,344.97,344.1966667,340.9266667,344.11,,,,,319.31,0,0,1
,,,,,,,,,,,1984,346.8666667,345.5633333,342.2533333,345.63,,,,,321.6133333,0,0,0
,,,,,,,,,,,1985,348.6166667,346.9366667,343.85,346.7933333,,,,,320.34,1,0,0
,,,,,,,,,,,1986,349.5433333,348.1333333,345.5066667,348.3766667,,,,,317.0833333,0,1,0
,,,,,,,,,,,1987,351.12,349.9966667,347.1533333,350.4966667,,,,,319.53,0,0,1
,,,,,,,,,,,1988,353.5066667,352.39,349.5866667,352.7066667,,,,,321.7333333,0,0,0
,,,,,,,,,,,1989,355.25,353.7766667,350.6566667,353.9566667,,,,,320.65,1,0,0
,,,,,,,,,,,1990,356.5033333,354.78,352.07,355.0533333,,,,,317.9933333,0,1,0
,,,,,,,,,,,1991,358.4433333,356.1666667,352.8866667,356.2533333,,,,,320.5466667,0,0,1
,,,,,,,,,,,1992,358.9666667,357.19,353.6133333,356.7333333,,,,,323.39,0,0,0
,,,,,,,,,,,1993,359.4266667,357.62,354.6333333,358.1433333,,,,,322.1633333,1,0,0
,,,,,,,,,,,1994,361.0833333,359.3466667,356.5733333,360.0466667,,,,,318.84,0,1,0
,,,,,,,,,,,1995,363.0833333,361.48,358.69,362.1266667,,,,,321.9533333,0,0,1
,,,,,,,,,,,1996,364.74,363.4333333,360.15,363.28,,,,,324.1533333,0,0,0
,,,,,,,,,,,1997,365.97,364.1966667,361.3566667,365.3333333,,,,,322.5166667,1,0,0
,,,,,,,,,,,1998,368.57,367.7366667,364.79,368.31,,,,,319.79,0,1,0
,,,,,,,,,,,1999,370.7033333,369.0433333,365.7833333,369.14,,,,,322.56,0,0,1
,,,,,,,,,,,2000,371.4933333,370.0533333,367.62,370.76,,,,,324.8266667,0,0,0
,,,,,,,,,,,2001,373.4033333,371.62,368.9633333,372.4966667,,,,,323.87,1,0,0
,,,,,,,,,,,2002,375.14,373.96,371.3633333,374.9566667,,,,,320.6333333,0,1,0
,,,,,,,,,,,2003,377.78,376.6366667,373.83,377.13,,,,,323.77,0,0,1
,,,,,,,,,,,2004,380.1333333,377.8966667,375.13,378.74,,,,,326.5566667,0,0,0
,,,,,,,,,,,2005,382.0233333,380.7533333,377.54,381.43,,,,,325.4166667,1,0,0
,,,,,,,,,,,2006,384.2933333,382.4966667,379.5733333,383.08,,,,,322.34,0,1,0
,,,,,,,,,,,2007,386.1066667,384.4333333,381.7566667,385.3433333,,,,,325.0533333,0,0,1
,,,,,,,,,,,2008,387.4633333,386.3066667,383.6766667,386.8866667,,,,,327.7133333,0,0,0
,,,,,,,,,,,2009,389.72,388.08,385.2733333,388.9833333,,,,,326.2333333,1,0,0
,,,,,,,,,,,2010,392.4166667,390.4433333,387.7766667,391.18,,,,,323.39,0,1,0
,,,,,,,,,,,2011,393.55,392.3333333,389.65,393.1366667,,,,,325.9933333,0,0,1
,,,,,,,,,,,2012,395.9666667,394.3533333,391.93,395.7933333,,,,,327.9633333,0,0,0
,,,,,,,,,,,2013,398.7733333,397.2366667,394.3266667,397.78,,,,,327.12,1,0,0
,,,,,,,,,,,2014,401.1266667,399.3766667,396.4933333,399.96,,,,,323.9066667,0,1,0
,,,,,,,,,,,2015,403.08,401.18,398.86,403.0133333,,,,,326.8033333,0,0,1
,,,,,,,,,,,2016,406.8533333,404.6766667,402.2466667,405.8866667,,,,,329.18,0,0,0
,,,,,,,,,,,2017,408.88,407.2433333,404.2333333,407.89,,,,,327.8166667,1,0,0
,,,,,,,,,,,2018,410.4933333,409.0166667,406.7033333,410.7533333,,,,,325.5133333,0,1,0
,,,,,,,,,,,2019,413.5266667,412.1033333,409.33,413.31,,,,,328.5533333,0,0,1
,,,,,,,,,,,2020,416.1666667,414.6666667,412.05,415.51,,,,,331.4266667,0,0,0
,,,,,,,,,,,2021,418.6066667,418.94,,,,,,,330.75,1,0,0
,,,,,,,,,,,,,,,,,,,,327.6166667,0,1,0
,,,,,,,,,,,,,,,,,,,,329.5666667,0,0,1
,,,,,,,,,,,,,,,,,,,,332.44,0,0,0
,,,,,,,,,,,,,,,,,,,,330.8066667,1,0,0
,,,,,,,,,,,,,,,,,,,,327.64,0,1,0
,,,,,,,,,,,,,,,,,,,,330.59,0,0,1
,,,,,,,,,,,,,,,,,,,,333,0,0,0
,,,,,,,,,,,,,,,,,,,,331.78,1,0,0
,,,,,,,,,,,,,,,,,,,,328.7466667,0,1,0
,,,,,,,,,,,,,,,,,,,,331.64,0,0,1
,,,,,,,,,,,,,,,,,,,,334.2733333,0,0,0
,,,,,,,,,,,,,,,,,,,,332.58,1,0,0
,,,,,,,,,,,,,,,,,,,,329.28,0,1,0
,,,,,,,,,,,,,,,,,,,,332.49,0,0,1
,,,,,,,,,,,,,,,,,,,,336.01,0,0,0
,,,,,,,,,,,,,,,,,,,,334.5366667,1,0,0
,,,,,,,,,,,,,,,,,,,,331.6766667,0,1,0
,,,,,,,,,,,,,,,,,,,,334.6,0,0,1
,,,,,,,,,,,,,,,,,,,,337.4566667,0,0,0
,,,,,,,,,,,,,,,,,,,,336.31,1,0,0
,,,,,,,,,,,,,,,,,,,,332.8566667,0,1,0
,,,,,,,,,,,,,,,,,,,,335.9133333,0,0,1
,,,,,,,,,,,,,,,,,,,,338.7766667,0,0,0
,,,,,,,,,,,,,,,,,,,,337.5066667,1,0,0
,,,,,,,,,,,,,,,,,,,,334.5133333,0,1,0
,,,,,,,,,,,,,,,,,,,,337.6833333,0,0,1
,,,,,,,,,,,,,,,,,,,,340.8166667,0,0,0
,,,,,,,,,,,,,,,,,,,,339.4933333,1,0,0
,,,,,,,,,,,,,,,,,,,,336.5633333,0,1,0
,,,,,,,,,,,,,,,,,,,,339.3766667,0,0,1
,,,,,,,,,,,,,,,,,,,,342.4233333,0,0,0
,,,,,,,,,,,,,,,,,,,,340.6133333,1,0,0
,,,,,,,,,,,,,,,,,,,,337.5266667,0,1,0
,,,,,,,,,,,,,,,,,,,,340.8666667,0,0,1
,,,,,,,,,,,,,,,,,,,,343.8366667,0,0,0
,,,,,,,,,,,,,,,,,,,,342.18,1,0,0
,,,,,,,,,,,,,,,,,,,,338.7433333,0,1,0
,,,,,,,,,,,,,,,,,,,,341.71,0,0,1
,,,,,,,,,,,,,,,,,,,,344.97,0,0,0
,,,,,,,,,,,,,,,,,,,,344.1966667,1,0,0
,,,,,,,,,,,,,,,,,,,,340.9266667,0,1,0
,,,,,,,,,,,,,,,,,,,,344.11,0,0,1
,,,,,,,,,,,,,,,,,,,,346.8666667,0,0,0
,,,,,,,,,,,,,,,,,,,,345.5633333,1,0,0
,,,,,,,,,,,,,,,,,,,,342.2533333,0,1,0
,,,,,,,,,,,,,,,,,,,,345.63,0,0,1
,,,,,,,,,,,,,,,,,,,,348.6166667,0,0,0
,,,,,,,,,,,,,,,,,,,,346.9366667,1,0,0
,,,,,,,,,,,,,,,,,,,,343.85,0,1,0
,,,,,,,,,,,,,,,,,,,,346.7933333,0,0,1
,,,,,,,,,,,,,,,,,,,,349.5433333,0,0,0
,,,,,,,,,,,,,,,,,,,,348.1333333,1,0,0
,,,,,,,,,,,,,,,,,,,,345.5066667,0,1,0
,,,,,,,,,,,,,,,,,,,,348.3766667,0,0,1
,,,,,,,,,,,,,,,,,,,,351.12,0,0,0
,,,,,,,,,,,,,,,,,,,,349.9966667,1,0,0
,,,,,,,,,,,,,,,,,,,,347.1533333,0,1,0
,,,,,,,,,,,,,,,,,,,,350.4966667,0,0,1
,,,,,,,,,,,,,,,,,,,,353.5066667,0,0,0
,,,,,,,,,,,,,,,,,,,,352.39,1,0,0
,,,,,,,,,,,,,,,,,,,,349.5866667,0,1,0
,,,,,,,,,,,,,,,,,,,,352.7066667,0,0,1
,,,,,,,,,,,,,,,,,,,,355.25,0,0,0
,,,,,,,,,,,,,,,,,,,,353.7766667,1,0,0
,,,,,,,,,,,,,,,,,,,,350.6566667,0,1,0
,,,,,,,,,,,,,,,,,,,,353.9566667,0,0,1
,,,,,,,,,,,,,,,,,,,,356.5033333,0,0,0
,,,,,,,,,,,,,,,,,,,,354.78,1,0,0
,,,,,,,,,,,,,,,,,,,,352.07,0,1,0
,,,,,,,,,,,,,,,,,,,,355.0533333,0,0,1
,,,,,,,,,,,,,,,,,,,,358.4433333,0,0,0
,,,,,,,,,,,,,,,,,,,,356.1666667,1,0,0
,,,,,,,,,,,,,,,,,,,,352.8866667,0,1,0
,,,,,,,,,,,,,,,,,,,,356.2533333,0,0,1
,,,,,,,,,,,,,,,,,,,,358.9666667,0,0,0
,,,,,,,,,,,,,,,,,,,,357.19,1,0,0
,,,,,,,,,,,,,,,,,,,,353.6133333,0,1,0
,,,,,,,,,,,,,,,,,,,,356.7333333,0,0,1
,,,,,,,,,,,,,,,,,,,,359.4266667,0,0,0
,,,,,,,,,,,,,,,,,,,,357.62,1,0,0
,,,,,,,,,,,,,,,,,,,,354.6333333,0,1,0
,,,,,,,,,,,,,,,,,,,,358.1433333,0,0,1
,,,,,,,,,,,,,,,,,,,,361.0833333,0,0,0
,,,,,,,,,,,,,,,,,,,,359.3466667,1,0,0
,,,,,,,,,,,,,,,,,,,,356.5733333,0,1,0
,,,,,,,,,,,,,,,,,,,,360.0466667,0,0,1
,,,,,,,,,,,,,,,,,,,,363.0833333,0,0,0
,,,,,,,,,,,,,,,,,,,,361.48,1,0,0
,,,,,,,,,,,,,,,,,,,,358.69,0,1,0
,,,,,,,,,,,,,,,,,,,,362.1266667,0,0,1
,,,,,,,,,,,,,,,,,,,,364.74,0,0,0
,,,,,,,,,,,,,,,,,,,,363.4333333,1,0,0
,,,,,,,,,,,,,,,,,,,,360.15,0,1,0
,,,,,,,,,,,,,,,,,,,,363.28,0,0,1
,,,,,,,,,,,,,,,,,,,,365.97,0,0,0
,,,,,,,,,,,,,,,,,,,,364.1966667,1,0,0
,,,,,,,,,,,,,,,,,,,,361.3566667,0,1,0
,,,,,,,,,,,,,,,,,,,,365.3333333,0,0,1
,,,,,,,,,,,,,,,,,,,,368.57,0,0,0
,,,,,,,,,,,,,,,,,,,,367.7366667,1,0,0
,,,,,,,,,,,,,,,,,,,,364.79,0,1,0
,,,,,,,,,,,,,,,,,,,,368.31,0,0,1
,,,,,,,,,,,,,,,,,,,,370.7033333,0,0,0
,,,,,,,,,,,,,,,,,,,,369.0433333,1,0,0
,,,,,,,,,,,,,,,,,,,,365.7833333,0,1,0
,,,,,,,,,,,,,,,,,,,,369.14,0,0,1
,,,,,,,,,,,,,,,,,,,,371.4933333,0,0,0
,,,,,,,,,,,,,,,,,,,,370.0533333,1,0,0
,,,,,,,,,,,,,,,,,,,,367.62,0,1,0
,,,,,,,,,,,,,,,,,,,,370.76,0,0,1
,,,,,,,,,,,,,,,,,,,,373.4033333,0,0,0
,,,,,,,,,,,,,,,,,,,,371.62,1,0,0
,,,,,,,,,,,,,,,,,,,,368.9633333,0,1,0
,,,,,,,,,,,,,,,,,,,,372.4966667,0,0,1
,,,,,,,,,,,,,,,,,,,,375.14,0,0,0
,,,,,,,,,,,,,,,,,,,,373.96,1,0,0
,,,,,,,,,,,,,,,,,,,,371.3633333,0,1,0
,,,,,,,,,,,,,,,,,,,,374.9566667,0,0,1
,,,,,,,,,,,,,,,,,,,,377.78,0,0,0
,,,,,,,,,,,,,,,,,,,,376.6366667,1,0,0
,,,,,,,,,,,,,,,,,,,,373.83,0,1,0
,,,,,,,,,,,,,,,,,,,,377.13,0,0,1
,,,,,,,,,,,,,,,,,,,,380.1333333,0,0,0
,,,,,,,,,,,,,,,,,,,,377.8966667,1,0,0
,,,,,,,,,,,,,,,,,,,,375.13,0,1,0
,,,,,,,,,,,,,,,,,,,,378.74,0,0,1
,,,,,,,,,,,,,,,,,,,,382.0233333,0,0,0
,,,,,,,,,,,,,,,,,,,,380.7533333,1,0,0
,,,,,,,,,,,,,,,,,,,,377.54,0,1,0
,,,,,,,,,,,,,,,,,,,,381.43,0,0,1
,,,,,,,,,,,,,,,,,,,,384.2933333,0,0,0
,,,,,,,,,,,,,,,,,,,,382.4966667,1,0,0
,,,,,,,,,,,,,,,,,,,,379.5733333,0,1,0
,,,,,,,,,,,,,,,,,,,,383.08,0,0,1
,,,,,,,,,,,,,,,,,,,,386.1066667,0,0,0
,,,,,,,,,,,,,,,,,,,,384.4333333,1,0,0
,,,,,,,,,,,,,,,,,,,,381.7566667,0,1,0
,,,,,,,,,,,,,,,,,,,,385.3433333,0,0,1
,,,,,,,,,,,,,,,,,,,,387.4633333,0,0,0
,,,,,,,,,,,,,,,,,,,,386.3066667,1,0,0
,,,,,,,,,,,,,,,,,,,,383.6766667,0,1,0
,,,,,,,,,,,,,,,,,,,,386.8866667,0,0,1
,,,,,,,,,,,,,,,,,,,,389.72,0,0,0
,,,,,,,,,,,,,,,,,,,,388.08,1,0,0
,,,,,,,,,,,,,,,,,,,,385.2733333,0,1,0
,,,,,,,,,,,,,,,,,,,,388.9833333,0,0,1
,,,,,,,,,,,,,,,,,,,,392.4166667,0,0,0
,,,,,,,,,,,,,,,,,,,,390.4433333,1,0,0
,,,,,,,,,,,,,,,,,,,,387.7766667,0,1,0
,,,,,,,,,,,,,,,,,,,,391.18,0,0,1
,,,,,,,,,,,,,,,,,,,,393.55,0,0,0
,,,,,,,,,,,,,,,,,,,,392.3333333,1,0,0
,,,,,,,,,,,,,,,,,,,,389.65,0,1,0
,,,,,,,,,,,,,,,,,,,,393.1366667,0,0,1
,,,,,,,,,,,,,,,,,,,,395.9666667,0,0,0
,,,,,,,,,,,,,,,,,,,,394.3533333,1,0,0
,,,,,,,,,,,,,,,,,,,,391.93,0,1,0
,,,,,,,,,,,,,,,,,,,,395.7933333,0,0,1
,,,,,,,,,,,,,,,,,,,,398.7733333,0,0,0
,,,,,,,,,,,,,,,,,,,,397.2366667,1,0,0
,,,,,,,,,,,,,,,,,,,,394.3266667,0,1,0
,,,,,,,,,,,,,,,,,,,,397.78,0,0,1
,,,,,,,,,,,,,,,,,,,,401.1266667,0,0,0
,,,,,,,,,,,,,,,,,,,,399.3766667,1,0,0
,,,,,,,,,,,,,,,,,,,,396.4933333,0,1,0
,,,,,,,,,,,,,,,,,,,,399.96,0,0,1
,,,,,,,,,,,,,,,,,,,,403.08,0,0,0
,,,,,,,,,,,,,,,,,,,,401.18,1,0,0
,,,,,,,,,,,,,,,,,,,,398.86,0,1,0
,,,,,,,,,,,,,,,,,,,,403.0133333,0,0,1
,,,,,,,,,,,,,,,,,,,,406.8533333,0,0,0
,,,,,,,,,,,,,,,,,,,,404.6766667,1,0,0
,,,,,,,,,,,,,,,,,,,,402.2466667,0,1,0
,,,,,,,,,,,,,,,,,,,,405.8866667,0,0,1
,,,,,,,,,,,,,,,,,,,,408.88,0,0,0
,,,,,,,,,,,,,,,,,,,,407.2433333,1,0,0
,,,,,,,,,,,,,,,,,,,,404.2333333,0,1,0
,,,,,,,,,,,,,,,,,,,,407.89,0,0,1
,,,,,,,,,,,,,,,,,,,,410.4933333,0,0,0
,,,,,,,,,,,,,,,,,,,,409.0166667,1,0,0
,,,,,,,,,,,,,,,,,,,,406.7033333,0,1,0
,,,,,,,,,,,,,,,,,,,,410.7533333,0,0,1
,,,,,,,,,,,,,,,,,,,,413.5266667,0,0,0
,,,,,,,,,,,,,,,,,,,,412.1033333,1,0,0
,,,,,,,,,,,,,,,,,,,,409.33,0,1,0
,,,,,,,,,,,,,,,,,,,,413.31,0,0,1
,,,,,,,,,,,,,,,,,,,,416.1666667,0,0,0
,,,,,,,,,,,,,,,,,,,,414.6666667,1,0,0
,,,,,,,,,,,,,,,,,,,,412.05,0,1,0
,,,,,,,,,,,,,,,,,,,,415.51,0,0,1
